matched_snname,cubename,rasn,decsn,redshift,sample_ra_deg,sample_dec_deg,matched_in_list_snlist,sep_arcsec,snlist_snname,snlist_cubename,snlist_sem,snlist_sntype,snlist_notes
SN2013da,ASASSN-13an,13:45:36.209,-07:19:32.59,0.024245,206.4008708333333,-7.325719444444444,True,0.0,SN2013da,ASASSN-13an,P96,Ia,JOINED WITH P98 - SN2013da. 8 POINTINGS. BETTER SEEING IN P96. NO LC
SN2013dl,ASASSN-13ar,01:18:41.760,-07:26:39.70,0.017731,19.674,-7.444361111111111,True,0.0,SN2013dl,ASASSN-13ar,P96,Ia,NO LC
SN2013ef,ASASSN-13bb,01:55:20.710,+06:36:35.32,0.017251,28.83629166666666,6.609811111111111,True,0.0,SN2013ef,ASASSN-13bb,P96,Ia,NO LC
SN2013ex,ASASSN-13cc,05:32:46.620,-14:02:45.38,0.010242,83.19424999999998,-14.04593888888889,True,0.0,SN2013ex,ASASSN-13cc,P96,Ia,572;791 CREATED MANUALLY -- BAD
ASASSN-13ch,ASASSN-13ch,16:16:34.06,-00:35:27.38,0.016468,244.14191666666662,-0.5909388888888889,True,0.0,ASASSN-13ch,ASASSN-13ch,P96,Ia,
ASASSN-13cj,ASASSN-13cj,16:17:11.01,+04:33:14.72,0.016464,244.29587499999997,4.554088888888889,True,0.0,ASASSN-13cj,ASASSN-13cj,P96,Ia,NO LC
ASASSN-13cp,ASASSN-13cp,15:33:49.236,+21:08:21.87,0.023508,233.45514999999997,21.139408333333332,True,0.0,ASASSN-13cp,ASASSN-13cp,P96,Ia,NO LC
ASASSN-13cu,ASASSN-13cu,00:40:10.14,-10:26:25.90,0.02718,10.04225,-10.440527777777778,True,0.0,ASASSN-13cu,ASASSN-13cu,P96,Ia,
SN2008hv,ASASSN-13dd,09:07:34.061,+03:23:32.10,0.012646,136.89192083333333,3.3922499999999998,True,0.0,SN2008hv,ASASSN-13dd,P96,Ia,
SN2013hk,ASASSN-13dm,03:02:10.850,+15:55:38.78,0.017004,45.54520833333333,15.927438888888888,True,0.0,SN2013hk,ASASSN-13dm,P96,Ia,NO LC
ASASSN-14ba,ASASSN-14ba,10:21:31.90,+08:24:21.12,0.032646,155.38291666666663,8.405866666666666,True,0.0,ASASSN-14ba,ASASSN-14ba,P96,Ia-91T,NO LC
ASASSN-14cu,ASASSN-14cu,12:47:02.68,-24:14:41.30,0.024727,191.76116666666664,-24.244805555555555,True,0.0,ASASSN-14cu,ASASSN-14cu,P96,Ia,NO LC
ASASSN-14db,ASASSN-14db,22:02:01.85,-70:02:26.19,0.037378,330.5077083333333,-70.04060833333334,True,0.0,ASASSN-14db,ASASSN-14db,P96,Ia,NO LC
ASASSN-14dd,ASASSN-14dd,07:45:14.38,-71:24:14.04,0.017842,116.30991666666665,-71.40390000000001,True,0.0,ASASSN-14dd,ASASSN-14dd,P96,Ibn,JOINED WITH SN2016iye FROM P100 - 20 POINTINGS IN TOTAL
ASASSN-14dz,ASASSN-14dz,15:05:54.522,+12:44:43.33,0.02232,226.477175,12.745369444444444,True,0.0,ASASSN-14dz,ASASSN-14dz,P96,Ia,NO LC
ASASSN-14fa,ASASSN-14fa,02:52:23.06,-31:49:18.00,0.022315,43.09608333333333,-31.821666666666665,True,0.0,ASASSN-14fa,ASASSN-14fa,P96,Ia,MUSE-DEEP JOINING 13 POINTINGS
ASASSN-14hr,ASASSN-14hr,01:50:41.27,-14:31:06.37,0.033551,27.671958333333333,-14.518436111111113,True,0.0,ASASSN-14hr,ASASSN-14hr,P96,Ia,
ASASSN-14hu,ASASSN-14hu,06:43:26.92,-69:38:14.70,0.021634,100.86216666666665,-69.63741666666667,True,0.0,ASASSN-14hu,ASASSN-14hu,P96,Ia-91T,
ASASSN-14ig,ASASSN-14ig,01:16:04.95,-61:37:16.70,0.029115,19.020624999999995,-61.62130555555556,True,0.0,ASASSN-14ig,ASASSN-14ig,P96,Ia,NO LC
ASASSN-14jc,ASASSN-14jc,07:35:35.29,-62:46:12.64,0.011124,113.89704166666665,-62.770177777777775,True,0.0,ASASSN-14jc,ASASSN-14jc,P96,Ia,
ASASSN-14jg,ASASSN-14jg,23:33:13.90,-60:34:11.50,0.014806,353.30791666666664,-60.569861111111116,True,0.0,ASASSN-14jg,ASASSN-14jg,P96,Ia,
ASASSN-14kq,ASASSN-14kq,23:45:15.51,-29:47:01.14,0.033746,356.314625,-29.78365,True,0.0,ASASSN-14kq,ASASSN-14kq,P96,Ia-91T,
ASASSN-14lt,ASASSN-14lt,03:11:02.54,-13:06:38.76,0.031894,47.76058333333333,-13.110766666666667,True,0.0,ASASSN-14lt,ASASSN-14lt,P96,Ia-91T,
ASASSN-14lv,ASASSN-14lv,23:32:07.37,-41:16:11.76,0.049281,353.03070833333334,-41.269933333333334,True,0.0,ASASSN-14lv,ASASSN-14lv,P96,Ia,NO LC
ASASSN-14me,ASASSN-14me,01:26:40.08,-57:59:49.31,0.017868,21.666999999999998,-57.997030555555554,True,0.0,ASASSN-14me,ASASSN-14me,P96,Ia-91T,REREDUCED JOINING 8 POINTINGS
ASASSN-14mf,ASASSN-14mf,00:04:54.46,-32:26:14.63,0.031209,1.2269166666666667,-32.437397222222216,True,0.0,ASASSN-14mf,ASASSN-14mf,P96,Ia,
ASASSN-14mg,ASASSN-14mg,02:53:58.10,-21:38:52.86,0.032295,43.492083333333326,-21.648016666666667,True,0.0,ASASSN-14mg,ASASSN-14mg,P96,Ia,NO LC - 164;171 CREATED MANUALLY -- BAD
ASASSN-14mw,ASASSN-14mw,01:41:25.16,-65:37:01.26,0.026782,25.354833333333332,-65.61701666666666,True,0.0,ASASSN-14mw,ASASSN-14mw,P96,Ia,JOINED WITH P106; NO LC - REDSHIFT TOO LARGE ?? SN OUT OF FOV in P96. P106 in FOV
ASASSN-15aj,ASASSN-15aj,10:52:53.26,-32:55:34.86,0.011142,163.22191666666666,-32.92635,True,0.0,ASASSN-15aj,ASASSN-15aj,P96,Ia,
ASASSN-15as,ASASSN-15as,09:39:16.55,+06:25:48.54,0.028732,144.8189583333333,6.43015,True,0.0,ASASSN-15as,ASASSN-15as,P102,Ia-91T,
ASASSN-15ba,ASASSN-15ba,14:04:55.09,+08:55:14.53,0.023225,211.22954166666665,8.920702777777777,True,0.0,ASASSN-15ba,ASASSN-15ba,P102,Ia,
ASASSN-15be,ASASSN-15be,02:52:46.39,-34:18:52.52,0.021522,43.19329166666666,-34.314588888888885,True,0.0,ASASSN-15be,ASASSN-15be,P99,Ia-91T,
ASASSN-15bm,ASASSN-15bm,15:05:51.58,-05:37:37.05,0.020711,226.46491666666665,-5.6269583333333335,True,0.0,ASASSN-15bm,ASASSN-15bm,P99,Ia-91T,
ASASSN-15da,ASASSN-15da,05:23:51.88,-24:42:08.38,0.048994,80.96616666666667,-24.70232777777778,True,0.0,ASASSN-15da,ASASSN-15da,P106,Ia,
ASASSN-15db,ASASSN-15db,15:46:58.69,+17:53:02.55,0.011,236.74454166666666,17.884041666666665,True,0.0,ASASSN-15db,ASASSN-15db,P101,Ia,
ASASSN-15fr,ASASSN-15fr,09:20:20.44,-07:38:26.78,0.033216,140.08516666666668,-7.640772222222222,True,0.0,ASASSN-15fr,ASASSN-15fr,P102,Ia-91T,
ASASSN-15go,ASASSN-15go,06:11:30.50,-16:29:03.52,0.019127,92.87708333333333,-16.48431111111111,True,0.0,ASASSN-15go,ASASSN-15go,P106,Ia,
ASASSN-15hf,ASASSN-15hf,10:29:30.76,-35:15:35.20,0.005938,157.37816666666663,-35.25977777777778,True,0.0,ASASSN-15hf,ASASSN-15hf,P99,Ia,
ASASSN-15hg,ASASSN-15hg,09:53:48.62,+09:11:37.78,0.030008,148.4525833333333,9.193827777777779,True,0.0,ASASSN-15hg,ASASSN-15hg,P98,Ia,
ASASSN-15ho,ASASSN-15ho,09:09:23.89,-04:43:30.98,0.041378,137.34954166666665,-4.725272222222222,True,0.0,ASASSN-15ho,ASASSN-15ho,P98,Ia,NO LC
ASASSN-15hx,ASASSN-15hx,13:43:16.692,-31:33:21.55,0.008188,205.81954999999996,-31.55598611111111,True,0.0,ASASSN-15hx,ASASSN-15hx,P99,Ia,
SN2000dx,Arp10,02:18:26.880,+05:39:02.02,0.030369,34.611999999999995,5.650561111111111,True,0.0,SN2000dx,Arp10,arx,Ia,
SN2023abqf,Arp303,09:46:20.11,+03:04:16.58,0.019932,146.58379166666666,3.0712722222222224,True,0.0,SN2023abqf,Arp303,arx,Ia,
CSP12J,CSP12J,06:07:01.59,-69:21:17.10,0.014756,91.75662499999997,-69.35475,True,0.0,CSP12J,CSP12J,P102,Ia-91bg,
CSP12N,CSP12N,12:38:16.19,-15:06:32.15,0.097314,189.5674583333333,-15.108930555555554,True,0.0,CSP12N,CSP12N,P95,Ia,148;158 CREATED MANUALLY -- BAD
CSP13Q,CSP13Q,02:02:21.56,-65:44:08.66,0.089079,30.58983333333333,-65.73573888888889,True,0.0,CSP13Q,CSP13Q,P95,Ia,REREDUCED JOINING 6 OF THE 8 POINTINGS
CSP13V,CSP13V,10:13:10.00,-16:31:54.00,0.055605,153.29166666666666,-16.531666666666666,True,0.0,CSP13V,CSP13V,P106,Ia,
CSP13aad,CSP13aad,01:46:09.34,-67:28:00.10,0.086723,26.538916666666662,-67.46669444444444,True,0.0,CSP13aad,CSP13aad,P95,Ia,
CSP13aaf,CSP13aaf,09:55:08.22,+06:48:31.40,0.077753,148.78424999999996,6.808722222222222,True,0.0,CSP13aaf,CSP13aaf,P106,Ia-91T,
CSP13aam,CSP13aam,05:14:47.50,-66:50:29.10,0.07491,78.69791666666666,-66.84141666666666,True,0.0,CSP13aam,CSP13aam,P106,Ia-91T,
CSP13aao,CSP13aao,05:58:30.38,-63:33:38.30,0.06148,89.62658333333331,-63.56063888888889,True,0.0,CSP13aao,CSP13aao,P95,Ia,
CSP13aaq,CSP13aaq,04:19:47.21,-63:43:22.04,0.059722,64.94670833333333,-63.72278888888889,True,0.0,CSP13aaq,CSP13aaq,P95,Ia,151;153 CREATED MANUALLY -- BAD
CSP13aay,CSP13aay,03:25:33.51,-53:44:19.00,0.059555,51.38962499999999,-53.73861111111111,True,0.0,CSP13aay,CSP13aay,P106,Ia,
CSP13abl,CSP13abl,06:38:06.97,-75:43:37.21,0.040023,99.52904166666664,-75.72700277777778,True,0.0,CSP13abl,CSP13abl,P95,Ia,
CSP13abm,CSP13abm,03:05:59.89,+04:32:38.20,0.028157,46.499541666666666,4.543944444444445,True,0.0,CSP13abm,CSP13abm,P106,Ia,
CSP14aal,CSP14aal,09:57:39.11,+12:33:17.70,0.077313,149.4129583333333,12.554916666666667,True,0.0,CSP14aal,CSP14aal,P106,Ia,
CSP14aaq,CSP14aaq,06:13:48.04,-67:55:15.00,0.036521,93.45016666666666,-67.92083333333333,True,0.0,CSP14aaq,CSP14aaq,P95,Ia-pec,
CSP14aar,CSP14aar,05:48:23.49,-66:47:29.70,0.041974,87.09787499999999,-66.79158333333334,True,0.0,CSP14aar,CSP14aar,P95,Ia,
SN2014bz,CSP14abn,13:56:04.19,-43:35:09.90,0.022516,209.01745833333334,-43.586083333333335,True,0.0,SN2014bz,CSP14abn,P95,Ia,153;154 CREATED MANUALLY
CSP14acl,CSP14acl,01:01:07.04,-10:18:39.90,0.029613,15.27933333333333,-10.311083333333334,True,0.0,CSP14acl,CSP14acl,P106,Ia-91T,COMBINED 4 POINTINGS
CSS121006:232854+085452,CSS121006232854085452,23:28:54.48,+08:54:51.60,0.075645,352.227,8.914333333333333,True,0.0,CSS121006:232854+085452,CSS121006232854085452,P99,Ia,NO LC
CSS121114:090202+101800,CSS121114_090202+101800,09:02:02.34,+10:18:00.10,0.037193,135.50975,10.300027777777778,True,0.0,CSS121114:090202+101800,CSS121114_090202+101800,P98,Ia,
CSS130317:082848+293031,CSS130317_082848+293031,08:28:47.78,+29:30:30.80,0.078281,127.1990833333333,29.508555555555557,True,0.0,CSS130317:082848+293031,CSS130317_082848+293031,P98,Ia,NO LC
SN2020xyw,ESO123-11,07:28:08.020,-62:21:28.91,0.010807,112.03341666666665,-62.35803055555556,True,0.0,SN2020xyw,ESO123-11,arx,Ia,SN spectrum there!
SN2003ic,Holm15A,00:41:50.230,-09:18:19.01,0.055541,10.459291666666665,-9.305280555555557,True,0.0,SN2003ic,Holm15A,arx,Ia,
SN2000ey,IC1481,23:19:25.200,+05:54:21.10,0.0205,349.85499999999996,5.905861111111111,True,0.0,SN2000ey,IC1481,arx,Ia,NO LC
SN2005dm,IC219,02:18:39.250,-06:54:10.80,0.016847,34.66354166666666,-6.9030000000000005,True,0.0,SN2005dm,IC219,arx,Ia-91bg,
SN2020ejm,IC2560,10:16:18.850,-33:33:49.17,0.009716,154.07854166666667,-33.56365833333333,True,0.0,SN2020ejm,IC2560,arx,Ia,COMBINED 10 POINTINGS
SN2017dps,IC4296,13:36:40.039,-33:58:01.29,0.012493,204.16682916666662,-33.967025,True,0.0,SN2017dps,IC4296,arx,Ia,NO LC.  COMBINED 18 POINTINGS
SN1999ee,IC5179,22:16:10.001,-36:50:39.70,0.011292,334.0416708333333,-36.84436111111111,True,0.0,SN1999ee,IC5179,arx,Ia,
KISS13j,KISS13j,12:09:39.70,+16:12:14.30,0.076476,182.41541666666666,16.203972222222223,True,0.0,KISS13j,KISS13j,P106,Ia,
KISS13l,KISS13l,11:14:54.07,+29:35:06.00,0.13081,168.72529166666664,29.584999999999997,True,0.0,KISS13l,KISS13l,P106,Ia,
KISS15n,KISS15n,13:00:32.33,+27:58:41.00,0.02346,195.13470833333332,27.978055555555553,True,0.0,KISS15n,KISS15n,P106,Ia-03fg,
LSQ11bk,LSQ11bk,04:20:44.25,-08:35:55.75,0.040345,65.18437499999999,-8.598819444444445,True,0.0,LSQ11bk,LSQ11bk,P106,Ia,COMBINED 4 POINTINGS
LSQ11ot,LSQ11ot,05:15:48.34,+06:46:39.36,0.027385,78.95141666666665,6.7776,True,0.0,LSQ11ot,LSQ11ot,P102,Ia-91T,
SN2011jq,LSQ11pn,05:16:41.549,+06:29:30.19,0.033029,79.17312083333331,6.491719444444445,True,0.0,SN2011jq,LSQ11pn,P102,Ia-91bg,
LSQ12bld,LSQ12bld,13:42:44.03,+08:05:33.74,0.083578,205.6834583333333,8.092705555555556,True,0.0,LSQ12bld,LSQ12bld,P102,Ia,
LSQ12btn,LSQ12btn,09:21:30.50,-09:41:29.86,0.054152,140.3770833333333,-9.691627777777779,True,0.0,LSQ12btn,LSQ12btn,P102,Ia,COMBINED 6 POINTINGS P102 and P106
LSQ12ca,LSQ12ca,05:31:03.62,-19:47:59.28,0.098679,82.76508333333332,-19.7998,True,0.0,LSQ12ca,LSQ12ca,P95,Ia-91T,
LSQ12cda,LSQ12cda,13:50:02.32,+09:37:47.10,0.137579,207.50966666666667,9.62975,True,0.0,LSQ12cda,LSQ12cda,P102,Ia,
LSQ12cfx,LSQ12cfx,13:59:40.96,-25:22:50.98,0.037941,209.92066666666662,-25.380827777777778,True,0.0,LSQ12cfx,LSQ12cfx,P95,Ia-91T,NO LC - NO WAY
LSQ12cid,LSQ12cid,10:03:57.04,-06:14:37.76,0.062722,150.98766666666668,-6.243822222222223,True,0.0,LSQ12cid,LSQ12cid,P102,Ia,
LSQ12dbr,LSQ12dbr,20:58:51.89,-02:58:27.10,0.019654,314.71620833333327,-2.9741944444444446,True,0.0,LSQ12dbr,LSQ12dbr,P97,Ia,NO LC
LSQ12fhs,LSQ12fhs,22:52:23.45,-20:36:53.30,0.033021,343.0977083333333,-20.614805555555556,True,0.0,LSQ12fhs,LSQ12fhs,P99,Ia-91bg,
LSQ12fmx,LSQ12fmx,03:12:52.18,-00:12:12.80,0.067314,48.217416666666665,-0.20355555555555557,True,0.0,LSQ12fmx,LSQ12fmx,P98,Ia,REREDUCED JOINING THE 6 POINTINGS WITH BETTER SEEING; NO LC
LSQ12fuk,LSQ12fuk,04:58:15.88,-16:17:58.03,0.02042,74.56616666666666,-16.29945277777778,True,0.0,LSQ12fuk,LSQ12fuk,P98,Ia,MUSE-DEEP available 8 pointings
SN2012he,LSQ12fvl,05:00:50.069,-38:39:11.41,0.055877,75.20862083333333,-38.653169444444444,True,0.0,SN2012he,LSQ12fvl,P99,Ia,
LSQ12fxd,LSQ12fxd,05:22:17.02,-25:35:47.01,0.031577,80.57091666666666,-25.596391666666666,True,0.0,LSQ12fxd,LSQ12fxd,P102,Ia-91T,
LSQ12gln,LSQ12gln,05:22:59.41,-33:27:51.32,0.101994,80.74754166666666,-33.46425555555556,True,0.0,LSQ12gln,LSQ12gln,P99,Ia,
LSQ12gpw,LSQ12gpw,03:12:58.24,-11:42:40.13,0.05075,48.242666666666665,-11.711147222222221,True,0.0,LSQ12gpw,LSQ12gpw,P102,Ia-03fg,
LSQ12gxj,LSQ12gxj,02:52:57.38,+01:36:24.25,0.035366,43.239083333333326,1.6067361111111111,True,0.0,LSQ12gxj,LSQ12gxj,P102,Ia-91T,
LSQ12gyc,LSQ12gyc,02:45:50.07,-17:55:45.74,0.089708,41.45862499999999,-17.929372222222224,True,0.0,LSQ12gyc,LSQ12gyc,P106,Ia-91T,MUSE-DEEP
LSQ12hjm,LSQ12hjm,03:10:28.72,-16:29:37.08,0.071255,47.61966666666666,-16.493633333333335,True,0.0,LSQ12hjm,LSQ12hjm,P106,Ia,MUSE-DEEP
LSQ12hnx,LSQ12hnx,02:35:17.81,-30:57:49.48,0.156433,38.82420833333333,-30.963744444444444,True,0.0,LSQ12hnx,LSQ12hnx,P95,Ia,NO LC
LSQ12hvj,LSQ12hvj,11:07:38.62,-29:42:40.96,0.071163,166.91091666666665,-29.711377777777777,True,0.0,LSQ12hvj,LSQ12hvj,P95,Ia-91T,
LSQ12hxx,LSQ12hxx,03:19:44.23,-27:00:25.68,0.06931,49.93429166666665,-27.007133333333332,True,0.0,LSQ12hxx,LSQ12hxx,P95,Ia,
LSQ12hzj,LSQ12hzj,09:59:12.43,-09:00:08.25,0.033429,149.80179166666665,-9.002291666666666,True,0.0,LSQ12hzj,LSQ12hzj,P97,Ia-91T,
LSQ12hzs,LSQ12hzs,04:01:53.21,-26:39:50.15,0.072065,60.471708333333325,-26.663930555555552,True,0.0,LSQ12hzs,LSQ12hzs,P95,Ia,
LSQ13cmt,LSQ13cmt,01:02:41.95,-21:52:23.40,0.056896,15.674791666666666,-21.873166666666666,True,0.0,LSQ13cmt,LSQ13cmt,P99,Ia,NO LC - HUGE JET - COMBINED WITH ONE FROM THE ARXIV
LSQ13crf,LSQ13crf,03:10:50.23,+01:25:18.90,0.048844,47.70929166666666,1.4219166666666667,True,0.0,LSQ13crf,LSQ13crf,P98,Ia,
LSQ13cwp,LSQ13cwp,04:03:50.65,-02:39:17.98,0.066253,60.96104166666665,-2.654994444444444,True,0.0,LSQ13cwp,LSQ13cwp,P98,Ia,
LSQ13dby,LSQ13dby,03:26:42.84,-34:38:05.49,0.1,51.67849999999999,-34.634858333333334,True,0.0,LSQ13dby,LSQ13dby,P102,Ia,
LSQ13dcy,LSQ13dcy,04:55:16.42,-20:00:05.40,0.079911,73.81841666666666,-20.0015,True,0.0,LSQ13dcy,LSQ13dcy,P95,Ia,
LSQ13dhj,LSQ13dhj,02:12:34.48,-37:20:22.81,0.093442,33.14366666666667,-37.339669444444446,True,0.0,LSQ13dhj,LSQ13dhj,P95,Ia,
LSQ13dkp,LSQ13dkp,03:10:09.97,-36:37:44.91,0.069111,47.54154166666666,-36.62914166666667,True,0.0,LSQ13dkp,LSQ13dkp,P95,Ia,216;235 CREATED MANUALLY -- BAD
LSQ13dqh,LSQ13dqh,04:22:05.90,-02:53:24.24,0.103938,65.52458333333331,-2.890066666666667,True,0.0,LSQ13dqh,LSQ13dqh,P102,Ia,
LSQ13dsm,LSQ13dsm,03:33:12.83,-26:12:24.02,0.04258,53.303458333333325,-26.20667222222222,True,0.0,LSQ13dsm,LSQ13dsm,P95,Ia,
LSQ13lq,LSQ13lq,13:44:10.81,+03:03:43.42,0.075574,206.04504166666663,3.062061111111111,True,0.0,LSQ13lq,LSQ13lq,P102,Ia,
LSQ13pf,LSQ13pf,13:48:14.35,-11:38:38.58,0.086209,207.05979166666665,-11.64405,True,0.0,LSQ13pf,LSQ13pf,P102,Ia,
LSQ13ry,LSQ13ry,10:32:48.00,+04:11:51.75,0.029911,158.2,4.197708333333334,True,0.0,LSQ13ry,LSQ13ry,P102,Ia,
LSQ14act,LSQ14act,15:59:44.65,-10:26:40.80,0.058822,239.93604166666663,-10.444666666666667,True,0.0,LSQ14act,LSQ14act,P98,Ia,
LSQ14aeg,LSQ14aeg,10:19:36.79,+19:33:20.30,0.064615,154.90329166666666,19.55563888888889,True,0.0,LSQ14aeg,LSQ14aeg,P98,Ia,NO LC
LSQ14age,LSQ14age,13:24:08.62,-13:26:26.00,0.080404,201.03591666666665,-13.440555555555555,True,0.0,LSQ14age,LSQ14age,P98,Ia,
LSQ14ahc,LSQ14ahc,13:43:48.25,-32:54:35.12,0.050859,205.95104166666664,-32.909755555555556,True,0.0,LSQ14ahc,LSQ14ahc,P95,Ia,
LSQ14bjj,LSQ14bjj,14:20:49.08,-05:15:02.25,0.080975,215.20449999999997,-5.250625,True,0.0,LSQ14bjj,LSQ14bjj,P95,Ia,MUSE-DEEP JOINING 7 POINTINGS
LSQ14fmg,LSQ14fmg,22:16:46.10,+15:21:14.10,0.065923,334.1920833333333,15.353916666666667,True,0.0,LSQ14fmg,LSQ14fmg,P99,Ia-03fg,NO LC
LSQ14fms,LSQ14fms,00:14:59.82,-51:12:39.54,0.076367,3.7492499999999995,-51.21098333333334,True,0.0,LSQ14fms,LSQ14fms,P106,Ia,
LSQ14foj,LSQ14foj,00:26:34.67,-32:48:33.09,0.046111,6.644458333333333,-32.80919166666666,True,0.0,LSQ14foj,LSQ14foj,P102,Ia,
LSQ14gde,LSQ14gde,01:00:42.49,-14:59:33.30,0.055595,15.177041666666666,-14.992583333333332,True,0.0,LSQ14gde,LSQ14gde,P99,Ia,NO LC
LSQ14gfb,LSQ14gfb,05:10:05.76,-36:18:43.57,0.053295,77.52399999999999,-36.312102777777774,True,0.0,LSQ14gfb,LSQ14gfb,P102,Ia-91bg,
LSQ14gfn,LSQ14gfn,03:28:32.16,-04:12:14.22,0.121436,52.13399999999999,-4.20395,True,0.0,LSQ14gfn,LSQ14gfn,P106,Ia,
LSQ14ghv,LSQ14ghv,03:23:44.15,-31:35:03.17,0.067037,50.93395833333333,-31.584213888888886,True,0.0,LSQ14ghv,LSQ14ghv,P106,Ia,
LSQ14gov,LSQ14gov,04:06:01.33,-16:01:41.49,0.089588,61.50554166666666,-16.028191666666665,True,0.0,LSQ14gov,LSQ14gov,P102,Ia-91T,
LSQ14ie,LSQ14ie,12:55:33.46,-32:56:40.37,0.089497,193.88941666666665,-32.94454722222222,True,0.0,LSQ14ie,LSQ14ie,P95,Ia,MUSE-DEEP JOINING 6 POINTINGS
LSQ14ip,LSQ14ip,09:44:20.22,+04:35:52.56,0.061451,146.08424999999997,4.597933333333333,True,0.0,LSQ14ip,LSQ14ip,P102,Ia-91bg,
LSQ14mc,LSQ14mc,09:02:13.45,+17:03:37.01,0.056668,135.55604166666666,17.060280555555558,True,0.0,LSQ14mc,LSQ14mc,P106,Ia,
LSQ14wp,LSQ14wp,10:14:05.72,+06:40:30.54,0.06962,153.5238333333333,6.67515,True,0.0,LSQ14wp,LSQ14wp,P102,Ia,
LSQ14xi,LSQ14xi,12:30:41.17,-13:46:21.91,0.05036,187.67154166666666,-13.772752777777779,True,0.0,LSQ14xi,LSQ14xi,P98,Ia-91T,
LSQ15aja,LSQ15aja,17:03:08.91,+12:27:41.60,0.070007,255.78712499999997,12.461555555555554,True,0.0,LSQ15aja,LSQ15aja,P99,Ia-91T,2 ANALYSES. A: z=0.06993753 ; B: z=0.0723754
LSQ15alq,LSQ15alq,13:09:18.56,-25:52:20.24,0.046968,197.3273333333333,-25.87228888888889,True,0.0,LSQ15alq,LSQ15alq,P99,Ia,
SN2008ee,NGC0307,00:56:32.959,-01:46:16.00,0.013253,14.137329166666666,-1.771111111111111,True,0.0,SN2008ee,NGC0307,arx,Ia,NO LC
SN1995Y,NGC0410,01:10:59.599,+33:08:40.70,0.017501,17.748329166666664,33.14463888888889,True,0.0,SN1995Y,NGC0410,arx,Ia,COMBINED 3 POINTINGS - NO LC
SN2018djd,NGC0863,02:14:33.830,-00:45:56.77,0.026401,33.64095833333333,-0.7657694444444445,True,0.0,SN2018djd,NGC0863,arx,Ia,MUSE-DEEP
SN2004fd,NGC1060,02:43:15.250,+32:25:25.61,0.017265,40.813541666666666,32.42378055555555,True,0.0,SN2004fd,NGC1060,arx,Ia,NO LC
SN2012ec,NGC1084,02:45:59.880,-07:34:27.01,0.00465,41.4995,-7.574169444444444,True,0.0,SN2012ec,NGC1084,arx,II,
SN2008cm,NGC2369,07:16:38.750,-62:18:52.88,0.010608,109.16145833333331,-62.31468888888889,True,0.0,SN2008cm,NGC2369,arx,Ia,
SN2016gwl,NGC2865,09:23:28.020,-23:10:10.74,0.008985,140.86675,-23.16965,True,0.0,SN2016gwl,NGC2865,arx,Ia,
SN2020ftl,NGC4277,12:20:03.754,+05:20:33.67,0.007349,185.01564166666665,5.342686111111111,True,0.0,SN2020ftl,NGC4277,arx,Ia,MUSE-DEEP
SN1968I,NGC4981,13:08:48.87,-06:46:40.80,0.005536,197.20362499999996,-6.778,True,0.0,SN1968I,NGC4981,arx,Ia,MUSE-DEEP
SN2018zz,NGC5419,14:03:39.060,-33:58:42.60,0.013935,210.91275,-33.978500000000004,True,0.0,SN2018zz,NGC5419,arx,Ia,NO LC
SN2017cbv,NGC5643,14:32:34.420,-44:08:02.74,0.003939,218.14341666666664,-44.13409444444444,True,0.0,SN2017cbv,NGC5643,arx,-,SN NOT IN THE FoV - BUT THIS WAS ANALYZED FOR SAHANA - COMBINED 8 POINTINGS
SN2009Y,NGC5728,14:42:23.849,-17:14:48.41,0.0102,220.5993708333333,-17.246780555555556,True,0.0,SN2009Y,NGC5728,arx,Ia,MUSE-DEEP
PS1-14xw,NGC6240,16:52:57.63,+02:23:36.50,0.023947,253.24012499999995,2.393472222222222,True,0.0,PS1-14xw,NGC6240,arx,Ia-91T,MUSE-DEEP - SN in THE BORDERRRRRRR
SN2000do,NGC6754,19:11:26.191,-50:38:24.50,0.010758,287.85912916666666,-50.64013888888889,True,0.0,SN2000do,NGC6754,SV,Ia,NO LC
SN1997de,NGC6769,19:18:20.820,-60:29:42.00,0.012668,289.58675,-60.495,True,0.0,SN1997de,NGC6769,arx,Ia,
SN2017hgz,NGC7130,21:48:20.120,-34:57:10.40,0.016161,327.0838333333333,-34.95288888888889,True,0.0,SN2017hgz,NGC7130,arx,Ia,
SN2022wsp,NGC7448,23:00:03.526,+15:58:42.60,0.007291,345.0146916666666,15.9785,True,0.0,SN2022wsp,NGC7448,arx,II,COMBINED 4 POINTINGS
SN1998dh,NGC7541,23:14:40.310,+04:32:14.10,0.008884,348.66795833333333,4.53725,True,0.0,SN1998dh,NGC7541,arx,Ia,COMBINED 7 POINTINGS
SN2011hb,NGC7674,23:27:55.510,+08:46:45.70,0.029135,351.9812916666666,8.779361111111111,True,0.0,SN2011hb,NGC7674,arx,Ia,
OGLE16euo,OGLE16euo,02:50:19.15,-75:23:29.40,0.058602,42.579791666666665,-75.39150000000001,True,0.0,OGLE16euo,OGLE16euo,P102,Ia,
SN2018hnq,PGC019085,06:27:38.610,-54:27:24.08,0.048834,96.91087499999999,-54.45668888888889,True,0.0,SN2018hnq,PGC019085,arx,Ia,
PS1-13eao,PS1-13eao,03:29:56.35,-28:46:17.70,0.037067,52.484791666666666,-28.771583333333332,True,0.0,PS1-13eao,PS1-13eao,P99,Ia,
PS15mb,PS15mb,08:59:40.13,+15:11:12.40,0.028765,134.9172083333333,15.186777777777777,True,0.0,PS15mb,PS15mb,P98,Ia,NO LC
PS15mt,PS15mt,09:54:44.17,+23:11:53.10,0.071122,148.68404166666664,23.198083333333333,True,0.0,PS15mt,PS15mt,P98,Ia,
PSNJ07250042+2347030,PSNJ07250042+2347030,07:25:00.42,+23:47:03.00,0.018463,111.25175,23.784166666666668,True,0.0,PSNJ07250042+2347030,PSNJ07250042+2347030,P98,Ia,NO LC
iPTF14hvh,PSNJ10292799+2200468,10:29:27.99,+22:00:46.80,0.054421,157.36662499999997,22.013,True,0.0,iPTF14hvh,PSNJ10292799+2200468,P98,Ia,NO LC
SN2011hk,PTF11pra,02:18:45.790,-06:38:30.08,0.017326,34.69079166666666,-6.641688888888888,True,0.0,SN2011hk,PTF11pra,P99,Ia,MUSE-DEEP JOINING 8 POINTINGS
PTF11qmo,PTF11qmo,10:06:49.76,-07:41:12.30,0.055339,151.7073333333333,-7.68675,True,0.0,PTF11qmo,PTF11qmo,P98,Ia,NO LC
PTF12iiq,PTF12iiq,02:50:07.76,-00:15:54.40,0.029754,42.53233333333333,-0.26511111111111113,True,0.0,PTF12iiq,PTF12iiq,P97,Ia,NO LC
PTF12jgb,PTF12jgb,04:15:01.44,-15:20:53.70,0.028229,63.75599999999999,-15.34825,True,0.0,PTF12jgb,PTF12jgb,P97,Ia,NO LC
SN1986G,SN1986G,13:25:36.509,-43:01:54.19,0.00183,201.4021208333333,-43.03171944444444,True,0.0,SN1986G,SN1986G,P97,Ia-86G,THERE IS A LARGE MOSAICK IN THE ARCHIVE NGC5128 -- TO DO --
SN1991bj,SN1991bj,03:41:30.480,-04:39:49.61,0.01814,55.376999999999995,-4.663780555555556,True,0.0,SN1991bj,SN1991bj,JL,Ia-02cx,NO LC - 100;199 CREATED MANUALLY
SN2001da,SN2001da,23:53:32.779,+08:07:02.60,0.017234,358.3865791666666,8.11738888888889,True,0.0,SN2001da,SN2001da,P97,Ia,
SN2001el,SN2001el,03:44:30.571,-44:38:23.71,0.003669,56.12737916666666,-44.639919444444445,True,0.0,SN2001el,SN2001el,P97,Ia,
SN2002ha,SN2002ha,20:47:18.581,+00:18:45.61,0.013774,311.82742083333335,0.31266944444444444,True,0.0,SN2002ha,SN2002ha,P97,Ia,
SN2002jg,SN2002jg,22:19:28.800,+29:23:04.49,0.015207,334.86999999999995,29.384580555555555,True,0.0,SN2002jg,SN2002jg,P97,Ia,REREDUCED JOINING 13 POINTINGS
SN2004cs,SN2004cs,17:50:14.381,+14:16:59.48,0.01403,267.5599208333333,14.28318888888889,True,0.0,SN2004cs,SN2004cs,JL,Ia-02cx,NO LC
SN2004ey,SN2004ey,21:49:07.810,+00:26:39.19,0.015855,327.28254166666665,0.44421944444444444,True,0.0,SN2004ey,SN2004ey,P95,Ia,
SN2004gc,SN2004gc,05:21:49.949,+06:40:33.71,0.031487,80.45812083333331,6.676030555555556,True,0.0,SN2004gc,SN2004gc,P102,Ia,
SN2004gs,SN2004gs,08:38:23.179,+17:37:39.79,0.027573,129.59657916666666,17.627719444444445,True,0.0,SN2004gs,SN2004gs,P95,Ia,
SN2005M,SN2005M,09:37:32.359,+23:12:02.70,0.024425,144.38482916666666,23.20075,True,0.0,SN2005M,SN2005M,P95,Ia-91T,SDSS OBJID problem
SN2005ag,SN2005ag,14:56:43.649,+09:19:42.49,0.079358,224.1818708333333,9.328469444444444,True,0.0,SN2005ag,SN2005ag,P95,Ia,
SN2005al,SN2005al,13:50:00.329,-30:34:34.21,0.012373,207.5013708333333,-30.576169444444446,True,0.0,SN2005al,SN2005al,P101,Ia,
SN2005be,SN2005be,14:59:32.719,+16:40:11.60,0.033838,224.88632916666663,16.66988888888889,True,0.0,SN2005be,SN2005be,P95,Ia,
SN2005bs,SN2005bs,20:10:14.110,-56:38:43.58,0.052189,302.55879166666665,-56.64543888888889,True,0.0,SN2005bs,SN2005bs,arx,Ia,COMBINED
SN2005cf,SN2005cf,15:21:32.210,-07:24:47.48,0.006687,230.3842083333333,-7.4131888888888895,True,0.0,SN2005cf_B,SN2005cf_B,P106,Ia,P99 out of FOV. Here in the FOV. SN1990Q from Hanin is the other galaxy!
SN2005cf_B,SN2005cf_B,15:21:32.210,-07:24:47.48,0.006685,230.3842083333333,-7.4131888888888895,True,0.0,SN2005cf_B,SN2005cf_B,P106,Ia,P99 out of FOV. Here in the FOV. SN1990Q from Hanin is the other galaxy!
SN2005el,SN2005el,05:11:48.72,+05:11:39.40,0.014818,77.95299999999999,5.194277777777778,True,0.0,SN2005el,SN2005el,P106,Ia,
SN2005gj,SN2005gj,03:01:11.950,-00:33:13.90,0.061661,45.299791666666664,-0.5538611111111111,True,0.0,SN2005gj,SN2005gj,P95,Ia-CSM,NO LC
SN2005hj,SN2005hj,01:26:48.269,-01:14:16.80,0.05739,21.70112083333333,-1.238,True,0.0,SN2005hj,SN2005hj,P95,Ia,
SN2005hk,SN2005hk,00:27:50.870,-01:11:52.51,0.013015,6.961958333333333,-1.1979194444444445,True,0.0,SN2005hk,SN2005hk,JL,Ia-02cx,4;202 CREATED MANUALLY
SN2005ir,SN2005ir,01:16:43.759,+00:47:40.42,0.076199,19.182329166666666,0.794561111111111,True,0.0,SN2005ir,SN2005ir,P95,Ia,
SN2005ke,SN2005ke,03:35:04.351,-24:56:38.80,0.004947,53.76812916666666,-24.944111111111113,True,0.0,SN2005ke,SN2005ke,P99,Ia-91bg,COMBINED 18 POINTINGS INCLUDING ONE FROM THE ARX
SN2005ki,SN2005ki,10:40:28.219,+09:12:08.39,0.019606,160.11757916666664,9.202330555555555,True,0.0,SN2005ki,SN2005ki,P102,Ia,
SN2005ku,SN2005ku,22:59:42.610,-00:00:49.28,0.04534,344.9275416666666,-0.01368888888888889,True,0.0,SN2005ku,SN2005ku,P95,Ia,
SN2005lu,SN2005lu,02:36:03.710,-17:15:50.00,0.031989,39.01545833333333,-17.26388888888889,True,0.0,SN2005lu,SN2005lu,P95,Ia,I CHANGED THE HOST WITH RESPECT KRISCIUNAS 2017
SN2005na,SN2005na,07:01:36.619,+14:07:59.70,0.026356,105.40257916666665,14.13325,True,0.0,SN2005na,SN2005na,P95,Ia,
SN2006E,SN2006E,13:53:28.649,+05:12:22.79,0.002643,208.3693708333333,5.206330555555556,True,0.0,SN2006E,SN2006E,P97,Ia,NO LC
SN2006bh,SN2006bh,22:40:16.099,-66:29:06.29,0.010847,340.06707916666664,-66.48508055555556,True,0.0,SN2006bh,SN2006bh,P101,Ia,
SN2006br,SN2006br,13:30:01.800,+13:24:56.81,0.024773,202.5075,13.415780555555555,True,0.0,SN2006br,SN2006br,P95,Ia,
SN2006bt,SN2006bt,15:56:30.530,+20:02:45.60,0.032229,239.1272083333333,20.046000000000003,True,0.0,SN2006bt,SN2006bt,P95,Ia-06bt,JOINED WITH P102
SN2006cm,SN2006cm,21:20:17.460,-01:41:02.69,0.01637,320.07275,-1.6840805555555556,True,0.0,SN2006cm,SN2006cm,P97,Ia,
SN2006dd,SN2006dd,03:22:41.621,-37:12:13.00,0.005879,50.67342083333333,-37.203611111111115,True,0.0,SN2006dd,SN2006dd,P101,Ia,THIS NEED TO BE JOINED WITH SN1981D in NGC1316 -- TO DO --
SN2006mr,SN2006mr,50.679333,-37.208139,0.005867,50.679333,-37.208139,True,2.5157683343866375,SN2006mr,SN2006dd,P101,Ia-91bg,
SN2006ef,SN2006ef,02:04:19.510,-08:43:42.20,0.017823,31.08129166666667,-8.728388888888889,True,0.0,SN2006ef,SN2006ef,P95,Ia,
SN2006ej,SN2006ej,00:38:59.770,-09:00:56.59,0.020501,9.749041666666665,-9.015719444444445,True,0.0,SN2006ej,SN2006ej,P95,Ia,JOINED WITH ONE FROM THE ARXIV
SN2006eq,SN2006eq,21:28:37.130,+01:13:41.20,0.049537,322.15470833333325,1.2281111111111112,True,0.0,SN2006eq,SN2006eq,P95,Ia,
SN2006fw,SN2006fw,01:47:10.339,-00:08:49.20,0.083507,26.79307916666666,-0.147,True,0.0,SN2006fw,SN2006fw,P95,Ia,
SN2006gt,SN2006gt,00:56:17.299,-01:37:45.98,0.044791,14.072079166666665,-1.6294388888888889,True,0.0,SN2006gt,SN2006gt,P95,Ia-91bg,
SN2006hb,SN2006hb,05:02:01.279,-21:07:55.09,0.015093,75.50532916666666,-21.131969444444444,True,0.0,SN2006hb,SN2006hb,P101,Ia-86G,
SN2006hx,SN2006hx,01:13:57.310,+00:22:18.01,0.045447,18.488791666666664,0.37166944444444444,True,0.0,SN2006hx,SN2006hx,P95,Ia,
SN2006is,SN2006is,05:17:34.370,-23:46:54.19,0.031281,79.39320833333332,-23.781719444444445,True,0.0,SN2006is,SN2006is,P95,Ia,140;158 CREATED MANUALLY -- BAD
SN2006lu,SN2006lu,09:15:17.630,-25:36:00.29,0.053268,138.82345833333332,-25.600080555555557,True,0.0,SN2006lu,SN2006lu,P95,Ia,
SN2006ob,SN2006ob,01:51:48.110,+00:15:48.31,0.059106,27.950458333333334,0.26341944444444443,True,0.0,SN2006ob,SN2006ob,P95,Ia,
SN2006os,SN2006os,02:55:01.010,+16:00:34.81,0.033221,43.754208333333324,16.009669444444445,True,0.0,SN2006os,SN2006os,P95,Ia,6 POINTINGS AVAILABLE BUT WE KEPT THE 4 POINTINGS WITH BETTER SEEING
SN2006ot,SN2006ot,02:15:04.841,-20:45:58.21,0.053689,33.770170833333324,-20.766169444444444,True,0.0,SN2006ot,SN2006ot,P95,Ia-06bt,
SN2006py,SN2006py,22:41:42.050,-00:08:12.91,0.057823,340.42520833333333,-0.13691944444444445,True,0.0,SN2006py,SN2006py,P95,Ia,IT HAS 1 POINTING WITH WRONG COORDINATES
SN2007S,SN2007S,10:00:31.260,+04:24:26.21,0.013924,150.13025,4.407280555555556,True,0.0,SN2007S,SN2007S,P95,Ia-91T,
SN2007ai,SN2007ai,16:12:53.741,-21:37:48.68,0.031798,243.22392083333327,-21.63018888888889,True,0.0,SN2007ai,SN2007ai,P101,Ia-91T,
SN2007al,SN2007al,09:59:18.480,-19:28:25.79,0.012204,149.82699999999997,-19.473830555555555,True,0.0,SN2007al,SN2007al,P95,Ia-91bg,MUSE-DEEP JOINING 8 POINTINGS
SN2007as,SN2007as,09:27:36.010,-80:10:39.22,0.017075,141.90004166666665,-80.17756111111112,True,0.0,SN2007as,SN2007as,P101,Ia,
SN2007ba,SN2007ba,15:16:42.631,+07:23:47.80,0.038237,229.17762916666666,7.3966111111111115,True,0.0,SN2007ba,SN2007ba,P95,Ia-91bg,
SN2007bc,SN2007bc,11:19:14.570,+20:48:32.51,0.020638,169.8107083333333,20.809030555555555,True,0.0,SN2007bc,SN2007bc,P95,Ia,
SN2007bm,SN2007bm,11:25:02.299,-09:47:53.81,0.00622,171.25957916666664,-9.798280555555555,True,0.0,SN2007bm,SN2007bm,P102,Ia,
SN2007ca,SN2007ca,13:31:05.810,-15:06:06.59,0.014131,202.77420833333332,-15.101830555555555,True,0.0,SN2007ca,SN2007ca,P99,Ia,COMBINED 4 POINTINGS; one rotated
SN2007cq,SN2007cq,22:14:40.430,+05:04:48.90,0.025966,333.6684583333333,5.0802499999999995,True,0.0,SN2007cq,SN2007cq,P99,Ia,
SN2007fb,SN2007fb,23:56:52.370,+05:30:31.79,0.018062,359.21820833333334,5.508830555555556,True,0.0,SN2007fb,SN2007fb,P97,Ia,REREDUCED JOINING 10 POINTINGS
SN2007fs,SN2007fs,22:01:40.440,-21:30:29.59,0.017281,330.41849999999994,-21.508219444444446,True,0.0,SN2007fs,SN2007fs,P97,Ia,
SN2007hj,SN2007hj,23:01:47.890,+15:35:11.40,0.014132,345.4495416666666,15.586500000000001,True,0.0,SN2007hj,SN2007hj,P95,Ia,
SN2007hx,SN2007hx,02:06:27.079,-00:53:58.31,0.079109,31.612829166666664,-0.8995305555555555,True,0.0,SN2007hx,SN2007hx,P95,Ia,
SN2007if,SN2007if,01:10:51.37,+15:27:39.89,0.075163,17.714041666666667,15.461080555555554,True,0.0,SN2007if,SN2007if,P106,Ia-03fg,
SN2007jg,SN2007jg,03:29:50.82,+00:03:24.60,0.037085,52.461749999999995,0.05683333333333333,True,0.0,SN2007jg,SN2007jg,P106,Ia,
SN2007jh,SN2007jh,03:36:01.54,+01:06:12.20,0.040759,54.00641666666667,1.103388888888889,True,0.0,SN2007jh,SN2007jh,P106,Ia-86G,
SN2007le,SN2007le,23:38:48.410,-06:31:21.29,0.006678,354.7017083333333,-6.522580555555556,True,0.0,SN2007le,SN2007le,P97,Ia,
SN2007mm,SN2007mm,01:05:46.670,-00:45:31.79,0.06649,16.444458333333333,-0.7588305555555556,True,0.0,SN2007mm,SN2007mm,P95,Ia-86G,
SN2007ol,SN2007ol,01:37:23.700,-00:18:43.20,0.056024,24.34875,-0.312,True,0.0,SN2007ol,SN2007ol,P95,Ia,
SN2011iv,SN2007on,03:38:51.350,-35:35:31.99,0.006501,54.71395833333332,-35.592219444444446,True,0.0,SN2011iv,SN2007on,P101,Ia,
SN2007on,SN2007on,03:38:50.899,-35:34:30.00,0.006501,54.71207916666666,-35.575,True,0.0,SN2007on,SN2007on,P101,Ia,COMBINED FROM ARXIVE. COMBINED IN HIDRA
SN2007so,SN2007so,02:47:43.130,+13:15:14.80,0.029367,41.92970833333333,13.254111111111111,True,0.0,SN2007so,SN2007so,P95,Ia,
SN2007st,SN2007st,01:48:42.470,-48:38:57.80,0.021109,27.17695833333333,-48.649388888888886,True,0.0,SN2007st,SN2007st,P101,Ia,
SNF20080612-003,SN20080612,16:15:28.39,+19:13:35.90,0.032656,243.86829166666666,19.226638888888886,True,0.0,SNF20080612-003,SN20080612,P97,Ia,NO LC
SN2008J,SN2008J,02:34:24.199,-10:50:38.51,0.016054,38.600829166666664,-10.844030555555555,True,0.0,SN2008J,SN2008J,P97,Ia-CSM,
SN2008O,SN2008O,06:57:34.459,-45:48:44.32,0.038937,104.39357916666665,-45.81231111111111,True,0.0,SN2008O,SN2008O,P101,Ia,COMBINED WITH ARXIV DATA 12 POINTINGS
SN2008R,SN2008R,03:03:53.70,-11:59:39.40,0.013413,45.973749999999995,-11.994277777777777,True,0.0,SN2008R,SN2008R,P106,Ia-91bg,
SN2008ae,SN2008ae,09:56:03.199,+10:29:58.810,0.030062,149.01332916666667,10.499669444444443,True,0.0,SN2008ae,SN2008ae,JL,Ia-02cx,MUSE-DEEP - 191;165 CREATED MANUALLY
SN2008ar,SN2008ar,12:24:37.920,+10:50:17.41,0.026085,186.158,10.838169444444445,True,0.0,SN2008ar,SN2008ar,P95,Ia,
SN2008bc,SN2008bc,09:38:31.229,-63:58:25.61,0.014825,144.6301208333333,-63.97378055555556,True,0.0,SN2008bc,SN2008bc,P95,Ia,
SN2008bd,SN2008bd,10:18:23.321,-13:06:11.20,0.029861,154.59717083333334,-13.103111111111112,True,0.0,SN2008bd,SN2008bd,P102,Ia-91bg,
SN2008bq,SN2008bq,06:41:02.510,-38:02:19.00,0.034099,100.26045833333333,-38.03861111111111,True,0.0,SN2008bq,SN2008bq,P101,Ia,
SN2008bt,SN2008bt,10:50:16.88,-12:06:32.00,0.015431,162.57033333333334,-12.108888888888888,True,0.0,SN2008bt,SN2008bt,P106,Ia-91bg,
SN2008cc,SN2008cc,21:03:29.621,-67:11:01.10,0.010487,315.8734208333333,-67.1836388888889,True,0.0,SN2008cc,SN2008cc,P101,Ia,
SN2008cf,SN2008cf,14:07:32.561,-26:33:06.59,0.047234,211.88567083333334,-26.551830555555558,True,0.0,SN2008cf,SN2008cf,P95,Ia,
SN2008ff,SN2008ff,20:13:59.959,-44:21:07.81,0.01923,303.49982916666664,-44.35216944444445,True,0.0,SN2008ff,SN2008ff,P95,Ia,MUSE-DEEP AVAILABLE (8 POINTINGS); BUT WE KEPT THE 4 POINTINGS WITH BETTER SEEING; 16;139 CREATED MANUALLY -- BAD
SN2008fl,SN2008fl,19:36:44.839,-37:33:04.50,0.020429,294.18682916666666,-37.551249999999996,True,0.0,SN2008fl,SN2008fl,P101,Ia,
SN2008fp,SN2008fp,07:16:32.599,-29:19:31.69,0.005361,109.13582916666665,-29.325469444444444,True,0.0,SN2008fp,SN2008fp,P97,Ia,
SN2008fr,SN2008fr,01:11:49.14,+14:38:27.00,0.039399,17.954749999999997,14.640833333333333,True,0.0,SN2008fr,SN2008fr,P106,Ia,
SN2008fu,SN2008fu,03:02:28.500,-24:27:21.49,0.052437,45.61874999999999,-24.455969444444445,True,0.0,SN2008fu,SN2008fu,P101,Ia,
SN2008ge,SN2008ge,04:08:24.679,-47:53:47.40,0.003835,62.10282916666666,-47.896499999999996,True,0.0,SN2008ge,SN2008ge,JL,Ia-02cx,NO LC
SN2008gg,SN2008gg,01:25:23.040,-18:10:20.78,0.031942,21.345999999999997,-18.17243888888889,True,0.0,SN2008gg,SN2008gg,P101,Ia,
SN2008hj,SN2008hj,00:04:01.910,-11:10:07.50,0.037579,1.0079583333333333,-11.16875,True,0.0,SN2008hj,SN2008hj,P95,Ia,
SN2008hu,SN2008hu,08:09:14.760,-18:39:13.10,0.050006,122.31149999999998,-18.65363888888889,True,0.0,SN2008hu,SN2008hu,P102,Ia,I CHANGED THE HOST WITH RESPECT KRISCIUNAS 2017
SN2008ia,SN2008ia,08:50:35.150,-61:16:40.58,0.022248,132.64645833333333,-61.27793888888889,True,0.0,SN2008ia,SN2008ia,P97,Ia,
SN2009D,SN2009D,03:54:22.829,-19:10:54.19,0.025128,58.595120833333326,-19.181719444444447,True,0.0,SN2009D,SN2009D,P95,Ia,
SN2009F,SN2009F,04:59:23.56,-11:07:50.10,0.012714,74.84816666666666,-11.130583333333334,True,0.0,SN2009F,SN2009F,P106,Ia-91bg,
SN2009I,SN2009I,02:45:10.399,-04:42:49.39,0.02611,41.29332916666666,-4.713719444444445,True,0.0,SN2009I,SN2009I,P95,Ia,
SN2009J,SN2009J,05:55:21.130,-76:55:20.78,0.015755,88.83804166666665,-76.92243888888889,True,0.0,SN2009J,SN2009J,JL,Ia-02cx,
SN2009aa,SN2009aa,11:23:42.281,-22:16:14.48,0.027255,170.9261708333333,-22.270688888888888,True,0.0,SN2009aa,SN2009aa,P95,Ia,
SN2009ab,SN2009ab,04:16:36.39,+02:45:51.00,0.011134,64.151625,2.7641666666666667,True,0.0,SN2009ab,SN2009ab,P106,Ia,
SN2009ag,SN2009ag,07:11:40.810,-26:41:06.29,0.008625,107.92004166666666,-26.685080555555555,True,0.0,SN2009ag,SN2009ag,P101,Ia,JOINED WITH P114 SN2005lr
SN2009al,SN2009al,10:51:22.07,+08:34:42.70,0.022105,162.8419583333333,8.578527777777778,True,0.0,SN2009al,SN2009al,P106,Ia,
SN2009ig,SN2009ig,02:38:11.611,-01:18:45.11,0.008867,39.54837916666666,-1.3125305555555555,True,0.0,SN2009ig,SN2009ig,P97,Ia,
SN2009jr,SN2009jr,20:26:26.030,+02:54:33.01,0.016527,306.6084583333333,2.9091694444444443,True,0.0,SN2009jr,SN2009jr,P99,Ia,check if the 4-good pointings are better than the muse deep
SN2009le,SN2009le,02:09:17.141,-23:24:44.78,0.017868,32.32142083333333,-23.412438888888886,True,0.0,SN2009le,SN2009le,P97,Ia,REREDUCED TO JOIN BOTH POINTINGS CORRECTLY
SN2009mz,SN2009mz,14:03:24.641,-06:03:31.28,0.008579,210.85267083333332,-6.058688888888889,True,0.0,SN2009mz,SN2009mz,P97,Ia,NO LC
SN2009nr,SN2009nr,13:10:58.949,+11:29:29.29,0.011224,197.7456208333333,11.491469444444444,True,0.0,SN2009nr,SN2009nr,P97,Ia,
SN2010ae,SN2010ae,07:15:54.650,-57:20:36.89,0.003669,108.97770833333331,-57.343580555555555,True,0.0,SN2010ae,SN2010ae,JL,Ia-02cx,
SN2010dl,SN2010dl,21:35:00.970,-00:30:47.81,0.030154,323.75404166666664,-0.5132805555555555,True,0.0,SN2010dl,SN2010dl,P99,Ia,NO LC
SN2010ev,SN2010ev,10:25:28.990,-39:49:51.20,0.009206,156.37079166666663,-39.83088888888889,True,0.0,SN2010ev,SN2010ev,P97,Ia,
SN2010ko,SN2010ko,05:32:49.440,-14:05:45.89,0.048177,83.20599999999999,-14.096080555555556,True,0.0,SN2010ko,SN2010ko,P102,Ia-91bg,SN EXPLODED IN THE BIG GALAXY OUT OF FOV (ASASSN-13cc). BUT ON TOP OF A GALAXY AT 0.048 THAT IS NOT THE REAL HOST
SN2011Z,SN2011Z,13:30:43.039,-20:57:14.00,0.018361,202.67932916666663,-20.953888888888887,True,0.0,SN2011Z,SN2011Z,P102,Ia-91bg,
SN2011ce,SN2011ce,18:55:35.839,-53:43:29.10,0.008652,283.89932916666663,-53.72475,True,0.0,SN2011ce,SN2011ce,JL,Ia-02cx,NO LC
SN2011gf,SN2011gf,21:12:24.269,-07:48:52.09,0.027647,318.10112083333325,-7.814469444444445,True,0.0,SN2011gf,SN2011gf,P99,Ia,COMBINED 4 POINTINGS; one rotated. NO LC.
SN2011ha,SN2011ha,03:57:40.870,+10:09:55.19,0.093963,59.420291666666664,10.165330555555556,True,0.0,SN2011ha,SN2011ha,P98,Ia,NO LC
SN2011io,SN2011io,23:02:47.599,+08:48:09.79,0.041409,345.69832916666667,8.802719444444445,True,0.0,SN2011io,SN2011io,P99,Ia,NO LC
SN2011jh,SN2011jh,12:47:14.419,-10:03:47.30,0.007865,191.81007916666664,-10.06313888888889,True,0.0,SN2011jh,SN2011jh,P98,Ia,JOINED WITH SN2011jh P102. 8 POINTINGS. SN NOT IN THE P102 FoV
SN2011jt,SN2011jt,14:53:23.011,+02:57:43.09,0.027828,223.34587916666663,2.9619694444444447,True,0.0,SN2011jt,SN2011jt,P95,Ia,162; 75 CREATED MANUALLY -- BAD
SN2012E,SN2012E,02:33:22.790,+09:35:05.60,0.0203,38.344958333333324,9.584888888888889,True,0.0,SN2012E,SN2012E,P95,Ia,126; 36 CREATED MANUALLY -- BAD
SN2012G,SN2012G,12:39:35.100,+16:35:11.90,0.025947,189.89624999999998,16.58663888888889,True,0.0,SN2012G,SN2012G,P95,Ia-91T,
SN2012U,SN2012U,02:06:04.33,-55:11:37.50,0.019913,31.518041666666665,-55.193749999999994,True,0.0,SN2012U,SN2012U,P106,Ia,
SN2012Z,SN2012Z,03:22:05.350,-15:23:15.61,0.007093,50.52229166666666,-15.387669444444445,True,0.0,SN2012Z,SN2012Z,JL,Ia-02cx,COMBINED 10 POINTINGS
SN2012aq,SN2012aq,14:54:05.13,+22:05:40.60,0.045937,223.52137499999998,22.09461111111111,True,0.0,SN2012aq,SN2012aq,P106,Ia-91T,MUSE-DEEP
SN2012fk,SN2012fk,02:30:52.039,+22:28:45.91,0.031669,37.71682916666666,22.479419444444442,True,0.0,SN2012fk,SN2012fk,P99,Ia,NO LC
SN2012fw,SN2012fw,21:01:58.990,-48:16:25.90,0.018761,315.4957916666666,-48.27386111111111,True,0.0,SN2012fw,SN2012fw,P97,Ia,NO LC
SN2012gm,SN2012gm,23:17:37.030,+14:00:08.89,0.014711,349.40429166666667,14.002469444444445,True,0.0,SN2012gm,SN2012gm,P95,Ia,
SN2012hr,SN2012hr,06:21:38.460,-59:42:50.62,0.008,95.41024999999999,-59.714061111111114,True,0.0,SN2012hr,SN2012hr,P97,Ia,
SN2013M,SN2013M,13:59:56.681,-37:51:49.39,0.034956,209.9861708333333,-37.86371944444445,True,0.0,SN2013M,SN2013M,P99,Ia,MUSE-DEEP JOINING 8 POINTINGS
SN2013aa,SN2013aa,14:32:33.881,-44:13:27.80,0.003999,218.14117083333332,-44.22438888888889,True,0.0,SN2013aa,SN2013aa,P97,Ia,core of NGC5643 from arx below
SN2013ad,SN2013ad,03:38:41.04,+10:18:27.22,0.036468,54.67099999999999,10.307561111111111,True,0.0,SN2013ad,SN2013ad,P106,Ia-91T,
SN2013aj,SN2013aj,13:54:00.679,-07:55:43.79,0.009085,208.50282916666666,-7.928830555555556,True,0.0,SN2013aj,SN2013aj,P97,Ia,
SN2013az,SN2013az,05:39:52.130,-40:30:28.12,0.037147,84.96720833333332,-40.50781111111111,True,0.0,SN2013az,SN2013az,P95,Ia,
SN2013bz,SN2013bz,13:26:51.319,-10:01:32.20,0.019384,201.71382916666664,-10.025611111111113,True,0.0,SN2013bz,SN2013bz,P95,Ia-91T,
SN2013cs,SN2013cs,13:15:14.810,-17:57:55.58,0.00922,198.81170833333329,-17.965438888888887,True,0.0,SN2013cs,SN2013cs,P98,Ia,45;173 CREATED MANUALLY -- BAD
SN2013ct,SN2013ct,01:12:54.92,+00:58:45.70,0.003905,18.22883333333333,0.9793611111111111,True,0.0,SN2013ct,SN2013ct,P106,Ia,
SN2013fy,SN2013fy,21:37:27.120,-47:01:54.80,0.031013,324.363,-47.031888888888886,True,0.0,SN2013fy,SN2013fy,P95,Ia,
SN2013gr,SN2013gr,01:46:27.900,-58:40:23.81,0.007355,26.616249999999994,-58.67328055555555,True,0.0,SN2013gr,SN2013gr,JL,Ia-02cx,NO LC
SN2013gy,SN2013gy,03:42:16.88,-04:43:18.48,0.014001,55.57033333333333,-4.7218,True,0.0,SN2013gy,SN2013gy,P106,Ia,
SN2014Z,SN2014Z,01:44:07.99,-61:07:07.40,0.021258,26.033291666666667,-61.118722222222225,True,0.0,SN2014Z,SN2014Z,P106,Ia,
SN2014ao,SN2014ao,08:34:33.319,-02:32:36.10,0.013961,128.63882916666665,-2.543361111111111,True,0.0,SN2014ao,SN2014ao,P102,Ia,
SN2014at,SN2014at,21:46:14.820,-46:31:21.11,0.031741,326.56174999999996,-46.522530555555555,True,0.0,SN2014at,SN2014at,P95,Ia-91T,
SN2014cr,SN2014cr,19:37:06.130,-42:17:50.50,0.019007,294.27554166666664,-42.29736111111111,True,0.0,SN2014cr,SN2014cr,P99,Ia-02cx,MUSE-DEEP JOINING 8 POINTINGS - NO LC
SN2014dm,SN2014dm,04:08:07.130,-08:49:37.20,0.03327,62.02970833333334,-8.827,True,0.0,SN2014dm,SN2014dm,P98,Ia,NO LC
SN2015H,SN2015H,10:54:42.161,-21:04:13.80,0.012436,163.67567083333333,-21.0705,True,0.0,SN2015H,SN2015H,P99,Ia-02cx,THIS (worse seeing) IS COMBINED WITH JL (deeper)
SN2016ecm,SN2016ecm,02:20:14.500,-40:53:05.10,0.059606,35.06041666666667,-40.88475,True,0.0,SN2016ecm,SN2016ecm,P100,Ia,NO LC
SN2021bmw,SN2021bmw,13:47:39.708,-29:25:54.64,0.012782,206.91544999999996,-29.431844444444447,True,0.0,SN2021bmw,SN2021bmw,P113,II,only 3 pointings 4th is tilted
SN2022vqz,ZTF22abhrjld,00:51:05.782,+29:32:12.16,0.016875,12.774091666666665,29.536711111111114,True,0.0,SN2022vqz,ZTF22abhrjld,P116,Ia-02es,
iPTF13dge,iPTF13dge,05:03:35.08,+01:34:17.40,0.015892,75.89616666666666,1.5715,True,0.0,iPTF13dge,iPTF13dge,P98,Ia,
iPTF13dkl,iPTF13dkl,23:44:57.99,+03:23:40.30,0.051757,356.24162499999994,3.394527777777778,True,0.0,iPTF13dkl,iPTF13dkl,P99,Ia,
iPTF13dyt,iPTF13dyt,05:01:48.26,+02:41:49.70,0.111413,75.45108333333333,2.697138888888889,True,0.0,iPTF13dyt,iPTF13dyt,P102,Ia,
iPTF13efe,iPTF13efe,08:43:39.30,+16:10:37.30,0.074954,130.91375,16.17702777777778,True,0.0,iPTF13efe,iPTF13efe,P106,Ia,
iPTF14aje,iPTF14aje,15:25:12.07,-01:48:51.50,0.027577,231.30029166666662,-1.8143055555555556,True,0.0,iPTF14aje,iPTF14aje,P99,Ia,
SN2014ey,iPTF14ans,15:04:29.972,+02:19:51.25,0.03198,226.12488333333332,2.3309027777777773,True,0.0,SN2014ey,iPTF14ans,JL,Ia-02cx,
iPTF14yy,iPTF14yy,12:26:09.17,+09:58:44.20,0.043117,186.53820833333333,9.978944444444444,True,0.0,iPTF14yy,iPTF14yy,P102,Ia,
SN2018agk,SN2018agk,197.651555472,-4.48574127155,0.026128,197.651555472,-4.48574127155,False,8406.699283513735,,,,,
SN2016jhr,SN2016jhr,184.582708,0.254828,0.117598,184.582708,0.254828,False,14448.806274935314,,,,,
SN2017cyy,SN2017cyy,144.150833,-63.948389,0.0098,144.150833,-63.948389,False,762.9285881941703,,,,,
SN2017erp,SN2017erp,227.311667,-11.334181,0.006174,227.311667,-11.334181,False,11109.854883617707,,,,,
SN2017fgc,SN2017fgc,20.060167,3.402767,0.008,20.060167,3.402767,False,6042.3204749929355,,,,,
SN2017fzw,SN2017fzw,95.395083,-27.214881,0.0054,95.395083,-27.214881,False,12777.438106035283,,,,,
SN2018gv,SN2018gv,121.394083,-11.438019,0.0053,121.394083,-11.438019,False,18341.72406693039,,,,,
SN2018oh,SN2018oh,136.664917,19.338089,0.012,136.664917,19.338089,False,7994.342991323781,,,,,
SN2018xx,SN2018xx,193.451125,-39.6971,0.00999,193.451125,-39.6971,False,854.2412464688679,,,,,
SN2018yu,SN2018yu,80.63487875,-11.4871825,0.008,80.63487875,-11.4871825,False,11991.005718445005,,,,,
SN2019np,SN2019np,157.341583,29.510639,0.00452,157.341583,29.510639,False,8593.426119448555,,,,,
SN2021abze,SN2021abze,10.8843865335,14.3427825741,0.0148,10.8843865335,14.3427825741,False,14302.103926555552,,,,,
SN2021acnt,SN2021acnt,145.4285,-28.202489,0.008,145.4285,-28.202489,False,11179.62760066192,,,,,
SN2021adlr,SN2021adlr,47.799,-8.469561,0.029635,47.799,-8.469561,False,7288.248545852149,,,,,
SN2021adlv,SN2021adlv,127.765958,-4.194219,0.033,127.765958,-4.194219,False,6720.103548479777,,,,,
SN2021adxd,SN2021adxd,9.84546011341,2.80403574116,0.017522,9.84546011341,2.80403574116,False,4639.366270431434,,,,,
SN2021aess,SN2021aess,53.450583,-19.4957,0.007,53.450583,-19.4957,False,11974.781299468887,,,,,
SN2021afkk,SN2021afkk,37.4998676863,28.6341857571,0.0138,37.4998676863,28.6341857571,False,258.1637780232779,,,,,
SN2021agbn,SN2021agbn,59.303542,-25.403381,0.01474,59.303542,-25.403381,False,5905.147525497142,,,,,
SN2021cgu,SN2021cgu,165.765458,5.098169,0.026,165.765458,5.098169,False,1539.2411252606191,,,,,
SN2021csp,SN2021csp,216.592143243,5.85921558693,0.083,216.592143243,5.85921558693,False,16397.576883062786,,,,,
SN2021dbg,SN2021dbg,141.111625,-6.581431,0.02,141.111625,-6.581431,False,5290.460118290805,,,,,
SN2021dov,SN2021dov,134.077958,-0.442139,0.012,134.077958,-0.442139,False,13884.51064570458,,,,,
SN2021gno,SN2021gno,183.042875,13.249181,0.006211,183.042875,13.249181,False,7155.043425160812,,,,,
SN2022crr,SN2022crr,231.204715446,-21.3893701875,0.0188,231.204715446,-21.3893701875,False,20253.04926526621,,,,,
SN2022crv,SN2022crv,148.607958,-25.7031,0.008091,148.607958,-25.7031,False,6594.100040971067,,,,,
SN2022epu,SN2022epu,228.691862,31.223633,0.031,228.691862,31.223633,False,6204.125600137146,,,,,
SN2022esa,SN2022esa,253.49,-9.70285,0.023,253.49,-9.70285,False,39267.595309194505,,,,,
SN2016hnk,SN2016hnk,33.319312,-7.661332,0.016,33.319312,-7.661332,False,5522.169860608482,,,,,
SN2010jn,SN2010jn,09:37:29.950,+23:09:38.80,0.025047,144.37479166666665,23.160777777777778,False,147.684216161156,,,,,
SN2009ev,SN2009ev,13:14:17.580,-42:58:48.79,0.011838,198.57324999999997,-42.980219444444444,True,0.0,SN2009ev,SN2009ev,P97,Ia,JOINED WITH P102. SN IN THE P102 FoV - NO LC
PTF10ops,PTF10ops,21:47:33.57,+05:51:30.3,0.06,326.889875,5.858416666666666,False,8832.38894348824,,,,,
SN2011iy,SN2011iy,13:08:58.390,-15:31:04.12,0.00423,197.24329166666664,-15.517811111111111,True,0.0,SN2011iy,SN2011iy,P97,Ia,JOINED WITH NGC4984 FROM THE ARXIV. OURS HAD WORSE QUALITY
SN2010jo,UGC00595,00:57:35.580,-01:23:33.40,0.044971,14.398249999999997,-1.392611111111111,True,0.0,SN2010jo,UGC00595,arx,Ia,NO LC
SN2019fkq,SN2019fkq,359.101625,-29.023781,0.045,359.101625,-29.023781,True,0.0016000000037819716,SN2019fkq,IC5364,arx,Ia,
ASAS14lo,ASASSN-14LO,177.971292,18.541389,0.019917,177.971292,18.541389,False,7486.97151897547,,,,,
ASAS14lq,ASASSN-14LQ,344.330875,-20.966878,0.026173,344.330875,-20.966878,True,0.039200000001058326,ASASSN-14lq,ASASSN-14lq,P106,Ia,
ASAS14lw,ASASSN-14LW,16.704875,-46.983322,0.020886,16.704875,-46.983322,True,0.0008000000133409777,ASASSN-14lw,ASASSN-14lw,P96,Ia-91T,
CSP12G,CSS121114090202101800-HOST,135.509750,10.300028,0.036974,135.50975,10.300028,True,0.0007999999961659824,CSS121114:090202+101800,CSS121114_090202+101800,P98,Ia,
CSP14abn,CSP14ABN-HOST,209.017458,-43.586083,0.0225,209.017458,-43.586083,True,0.0014817291070370893,SN2014bz,CSP14abn,P95,Ia,153;154 CREATED MANUALLY
CSP14acy,OGLE-2014-SN-107,10.619792,-64.764167,0.066374,10.619792,-64.764167,True,0.0013045110380845361,CSP14acy,CSP14acy,P106,Ia-91T,
CSP14ade,OGLE-2014-SN-141,84.327667,-75.721389,0.062457,84.327667,-75.721389,False,5779.486212292709,,,,,
LSQ12fvl,LSQ12FVL-HOST,75.208500,-38.653197,0.05593,75.2085,-38.653197,True,0.3538969951349378,SN2012he,LSQ12fvl,P99,Ia,
LSQ13aiz,SN2013CS-HOST,198.811708,-17.965458,0.0092,198.811708,-17.965458,True,0.06880946885083472,SN2013cs,SN2013cs,P98,Ia,45;173 CREATED MANUALLY -- BAD
LSQ15aae,LSQ15AAE,247.565417,5.932981,0.051564,247.565417,5.932981,False,12728.643797898707,,,,,
PS15sv,PS15SV,243.298917,1.591972,0.033277,243.298917,1.591972,False,8424.006292377691,,,,,
PTF11pbp,SN2011HB-HOST,351.981333,8.779167,0.028903,351.981333,8.779167,True,0.7141057955639774,SN2011hb,NGC7674,arx,Ia,
PTF11pra,PTF11PRA-HOST,34.690875,-6.641944,0.017543,34.690875,-6.641944,True,0.965533305855827,SN2011hk,PTF11pra,P99,Ia,MUSE-DEEP JOINING 8 POINTINGS
PTF11qnr,PTF11QNR-HOST,341.106042,-0.167222,0.016217,341.106042,-0.167222,True,3.2997786499901247,SN2011im,PTF11qnr,P99,Ia,
PTF13duj,SN2013FW,318.436583,13.575861,0.01694,318.436583,13.575861,False,2367.5649333963383,,,,,
PTF13ebh,PTF13EBH,35.499917,33.270472,0.01326,35.499917,33.270472,False,8151.547881715975,,,,,
PTF14fpg,PTF14FPG,7.050000,7.162083,0.034,7.05,7.162083,True,0.7194853183476887,SN2014dk,SN2014dk,P99,Ia-91T,TWO ANALYSES A: B: but no lines from the host found
PTF14gnl,PTF14GNL,5.951375,-3.857750,0.05369,5.951375,-3.85775,True,2.862499213317165e-12,iPTF14gnl,iPTF14gnl,P99,Ia-91T,
SN2006X,NGC-4321,185.724958,15.809194,0.005237,185.724958,15.809194,True,0.018436190555310362,SN2006X,SN2006X,P97,Ia,Also NGC4321 from PHANGS in arx
SN2007af,SN2007AF-HOST,215.587625,-0.393778,0.00546,215.587625,-0.393778,True,0.4655094783005652,SN2007af,SN2007af,P97,Ia,JOINED WITH NGC5584 from arx
SN2007nq,3C029-HOST,14.389875,-1.388611,0.045,14.389875,-1.388611,True,0.015000928856161128,SN2007nq,UGC00595,arx,Ia,
SN2008ha,SN2008HA,353.719542,18.226500,0.004643,353.719542,18.2265,True,0.0011397929865568656,SN2008ha,SN2008ha,JL,Ia-02cx,
SN2012bl,SN2012BL,305.980333,-48.354806,0.018693,305.980333,-48.354806,True,0.02055856848368082,SN2012bl,SN2012bl,P99,Ia,MUSE-DEEP JOINING 12 POINTINGS
SN2012fr,NGC-1365-N,53.400417,-36.126111,0.005453,53.400417,-36.126111,True,3.9334104303841078,SN2012fr,NGC1365,arx,Ia,PHANGS
SN2013fz,PSNJ0423-5136,65.943500,-51.596194,0.020593,65.9435,-51.596194,True,0.018399999986242598,SN2013fz,SN2014cd,P95,Ia-91T,
SN2013gv,SN2013GV,47.488792,19.213667,0.034097,47.488792,19.213667,False,13580.785799588739,,,,,
SN2013hh,SN2013HH,172.268208,17.235972,0.01298,172.268208,17.235972,False,11751.734996788073,,,,,
SN2014I,SN2014I,85.582500,-25.544417,0.029993,85.5825,-25.544417,True,0.0011999999856614767,SN2014I,SN2014I,P106,Ia,
SN2014dl,SN2014DL,247.442042,8.641833,0.032943,247.442042,8.641833,False,18522.688763726692,,,,,
SN2015F,SN2015F,114.065667,-69.506389,0.004887,114.065667,-69.506389,True,0.0005800894355073213,SN2015F,SN2015F,P106,Ia,
SNhunt281,SN2015BP,226.375292,1.634000,0.004067,226.375292,1.634,False,2665.7074297570157,,,,,
SN1981D,SN1981D,50.66490,-37.23540,0.00587,50.6649,-37.2354,False,16.92217161483783,,,,,
SN1999cl,NGC4501,187.98337,14.426472,0.0075870743899125,187.98337,14.426472,True,0.009647868915397121,SN1999cl,NGC4501,arx,Ia,THIS NEEDS TO BE COMBINED -- TO DO -- 24 of 32 cubes reduced other 8 have problems
SN2014dt,NGC4303,185.48988,4.4718060,0.005224,185.48988,4.471806,True,0.03769535608684882,SN2014dt,NGC4303,arx,Ia-02cx,NO LC
SN2020nvb,NGC4457,187.244917,3.572781,0.0029013445787122,187.244917,3.572781,True,0.001998601510352482,SN2020nvb,NGC4457,arx,Ia,THERE ARE LOTS OF CUBES UNPUBLISHED -- TO DO --
