SN name,UV mag,UV abs mag,r mag,r abs mag,F275W-r,r survey
ASASSN-13ch,21.707 (0.119),-12.584 (0.119),19.123 (0.019),-15.168 (0.019),2.584 (0.121),PanSTARRS
ASASSN-13cj,20.155 (0.023),-14.135 (0.023),15.992 (0.014),-18.298 (0.014),4.164 (0.027),PanSTARRS
ASASSN-13cp,(23.942),(-11.134),18.838 (0.018),-16.237 (0.018),$>5.103$,PanSTARRS
ASASSN-13cu,20.708 (0.021),-14.689 (0.021),18.235 (0.015),-17.161 (0.015),2.473 (0.025),PanSTARRS
ASASSN-14ba,20.557 (0.015),-15.246 (0.015),18.167 (0.014),-17.637 (0.014),2.390 (0.021),PanSTARRS
ASASSN-14cu,21.522 (0.060),-13.665 (0.060),16.743 (0.014),-18.444 (0.014),4.779 (0.061),PanSTARRS
ASASSN-14db,21.171 (0.025),-14.934 (0.025),18.099 (0.014),-18.006 (0.014),3.072 (0.028),SkyMapper
ASASSN-14dd,20.888 (0.063),-13.579 (0.063),19.188 (0.062),-15.279 (0.062),1.700 (0.088),SkyMapper
ASASSN-14dz,21.503 (0.049),-13.458 (0.049),17.226 (0.014),-17.735 (0.014),4.277 (0.051),PanSTARRS
ASASSN-14fa,22.994 (0.176),-11.966 (0.176),20.278 (0.019),-14.682 (0.019),2.715 (0.177),DES
ASASSN-14hr,21.727 (0.037),-14.138 (0.037),18.927 (0.007),-16.938 (0.007),2.800 (0.038),DES
ASASSN-14hu,22.639 (0.166),-12.253 (0.166),21.781 (0.386),-13.111 (0.386),0.858 (0.420),SkyMapper
ASASSN-14ig,21.998 (0.055),-13.551 (0.055),17.285 (0.007),-18.264 (0.007),4.713 (0.056),DES
ASASSN-14jc,18.312 (0.010),-15.117 (0.010),15.839 (0.010),-17.591 (0.010),2.474 (0.014),SkyMapper
ASASSN-14jg,19.954 (0.017),-14.103 (0.017),17.071 (0.006),-16.986 (0.006),2.883 (0.018),DES
ASASSN-14kq,23.350 (0.167),-12.527 (0.167),21.059 (0.060),-14.818 (0.060),2.291 (0.178),PanSTARRS
ASASSN-14lt,22.953 (0.144),-12.799 (0.144),17.465 (0.005),-18.286 (0.005),5.488 (0.144),DES
ASASSN-14lv,23.123 (0.097),-13.601 (0.097),19.968 (0.008),-16.756 (0.008),3.155 (0.097),DES
ASASSN-14me,19.511 (0.010),-14.960 (0.010),18.001 (0.018),-16.469 (0.018),1.509 (0.021),SkyMapper
ASASSN-14mf,21.007 (0.022),-14.697 (0.022),19.399 (0.029),-16.304 (0.029),1.608 (0.037),SkyMapper
ASASSN-14mg,22.383 (0.073),-13.396 (0.073),17.863 (0.005),-17.917 (0.005),4.521 (0.073),DES
ASASSN-14mw,(24.081),(-11.282),21.253 (0.177),-14.111 (0.177),$>2.829$,SkyMapper
ASASSN-15aj,19.738 (0.029),-13.696 (0.029),14.479 (0.008),-18.955 (0.008),5.259 (0.030),SkyMapper
ASASSN-15as,23.487 (0.241),-12.033 (0.241),21.829 (0.061),-13.691 (0.061),1.658 (0.248),PanSTARRS
ASASSN-15ba,21.959 (0.066),-13.090 (0.066),19.644 (0.023),-15.404 (0.023),2.315 (0.070),PanSTARRS
ASASSN-15be,21.947 (0.072),-12.933 (0.072),18.274 (0.006),-16.607 (0.006),3.673 (0.072),DES
ASASSN-15bm,23.235 (0.317),-11.560 (0.317),16.824 (0.014),-17.971 (0.014),6.411 (0.317),PanSTARRS
ASASSN-15da,22.542 (0.059),-14.169 (0.059),17.849 (0.005),-18.862 (0.005),4.693 (0.060),DES
ASASSN-15db,15.486 (0.002),-17.919 (0.002),14.428 (0.014),-18.978 (0.014),1.058 (0.014),PanSTARRS
ASASSN-15fr,22.730 (0.104),-13.112 (0.104),19.278 (0.018),-16.564 (0.018),3.452 (0.105),PanSTARRS
ASASSN-15go,19.374 (0.016),-15.246 (0.016),16.665 (0.014),-17.955 (0.014),2.709 (0.022),PanSTARRS
ASASSN-15hf,18.173 (0.012),-13.885 (0.012),13.956 (0.009),-18.102 (0.009),4.217 (0.014),SkyMapper
ASASSN-15hg,(24.217),(-11.399),19.685 (0.018),-15.931 (0.018),$>4.532$,PanSTARRS
ASASSN-15ho,22.639 (0.073),-13.693 (0.073),21.312 (0.042),-15.020 (0.042),1.327 (0.084),PanSTARRS
ASASSN-15hx,19.577 (0.023),-13.183 (0.023),15.556 (0.019),-17.203 (0.019),4.020 (0.030),SkyMapper
CSP12J,19.523 (0.015),-14.527 (0.015),14.902 (0.022),-19.148 (0.022),4.621 (0.027),SkyMapper
CSP12N,(25.401),(-12.875),24.368 (0.326),-13.907 (0.326),$>1.033$,PanSTARRS
CSP13Q,(25.322),(-12.749),22.247 (0.028),-15.824 (0.028),$>3.075$,DES
CSP13V,24.231 (0.267),-12.765 (0.267),(23.702),(-13.295),$<0.529$,PanSTARRS
CSP13aad,23.414 (0.074),-14.595 (0.074),21.151 (0.073),-16.858 (0.073),2.263 (0.104),SkyMapper
CSP13aaf,(25.175),(-12.584),(24.215),(-13.543),NaN,PanSTARRS
CSP13aam,(25.135),(-12.538),22.323 (0.398),-15.350 (0.398),$>2.812$,SkyMapper
CSP13aao,22.355 (0.045),-14.868 (0.045),18.373 (0.017),-18.850 (0.017),3.982 (0.048),SkyMapper
CSP13aaq,24.121 (0.211),-13.037 (0.211),21.406 (0.019),-15.752 (0.019),2.715 (0.212),DES
CSP13aay,23.789 (0.142),-13.362 (0.142),20.384 (0.009),-16.768 (0.009),3.406 (0.142),DES
CSP13abl,22.348 (0.083),-13.910 (0.083),NaN,NaN,NaN,NaN
CSP13abm,(24.163),(-11.312),22.111 (0.150),-13.364 (0.150),$>2.052$,PanSTARRS
CSP14aal,(25.165),(-12.581),24.029 (0.297),-13.717 (0.297),$>1.135$,PanSTARRS
CSP14aaq,20.949 (0.021),-15.104 (0.021),16.507 (0.015),-19.546 (0.015),4.442 (0.026),SkyMapper
CSP14aar,22.971 (0.146),-13.393 (0.146),21.040 (0.127),-15.324 (0.127),1.931 (0.194),SkyMapper
CSP14acl,(24.170),(-11.417),(23.862),(-11.724),NaN,PanSTARRS
CSS121006:232854+085452,23.631 (0.127),-14.065 (0.127),22.797 (0.099),-14.899 (0.099),0.833 (0.161),PanSTARRS
CSS121114:090202+101800,24.311 (0.375),-11.783 (0.375),20.985 (0.031),-15.109 (0.031),3.326 (0.376),PanSTARRS
CSS130317:082848+293031,(25.178),(-12.596),(24.156),(-13.619),NaN,PanSTARRS
KISS13j,(25.188),(-12.533),21.479 (0.107),-16.242 (0.107),$>3.710$,PanSTARRS
KISS13l,(25.671),(-13.295),(23.951),(-15.015),NaN,PanSTARRS
KISS15n,23.735 (0.311),-11.336 (0.311),(23.165),(-11.906),$<0.570$,PanSTARRS
LSQ11bk,23.736 (0.311),-12.539 (0.311),22.341 (0.156),-13.934 (0.156),1.395 (0.348),PanSTARRS
LSQ11ot,21.893 (0.119),-13.520 (0.119),19.023 (0.018),-16.390 (0.018),2.870 (0.120),PanSTARRS
LSQ12bld,24.706 (0.255),-13.219 (0.255),23.577 (0.294),-14.347 (0.294),1.129 (0.389),PanSTARRS
LSQ12btn,24.237 (0.255),-12.700 (0.255),21.794 (0.092),-15.142 (0.092),2.443 (0.271),PanSTARRS
LSQ12ca,(25.416),(-12.891),22.974 (0.052),-15.334 (0.052),$>2.443$,DES
LSQ12cda,(25.739),(-13.346),23.655 (0.114),-15.431 (0.114),$>2.084$,PanSTARRS
LSQ12cfx,(24.464),(-11.675),21.898 (0.111),-14.241 (0.111),$>2.566$,PanSTARRS
LSQ12cid,23.766 (0.145),-13.503 (0.145),21.328 (0.032),-15.941 (0.032),2.438 (0.148),PanSTARRS
LSQ12dbr,(23.742),(-10.938),20.715 (0.048),-13.965 (0.048),$>3.027$,PanSTARRS
LSQ12fhs,23.419 (0.185),-12.410 (0.185),21.686 (0.088),-14.143 (0.088),1.733 (0.205),PanSTARRS
LSQ12fmx,25.014 (0.542),-12.415 (0.542),(23.833),(-13.596),$<1.181$,PanSTARRS
LSQ12fuk,20.945 (0.040),-13.820 (0.040),18.675 (0.018),-16.090 (0.018),2.270 (0.044),PanSTARRS
LSQ12fxd,24.330 (0.405),-11.399 (0.405),23.310 (0.200),-12.419 (0.200),1.020 (0.452),DES
LSQ12gln,(25.453),(-12.931),(25.240),(-13.145),NaN,DES
LSQ12gpw,22.747 (0.084),-14.043 (0.084),21.054 (0.017),-15.737 (0.017),1.694 (0.086),DES
LSQ12gxj,20.944 (0.023),-15.037 (0.023),19.208 (0.007),-16.773 (0.007),1.736 (0.024),DES
LSQ12gyc,24.449 (0.181),-13.638 (0.181),24.442 (0.202),-13.646 (0.202),0.008 (0.271),DES
LSQ12hjm,23.996 (0.153),-13.564 (0.153),21.693 (0.021),-15.866 (0.021),2.302 (0.155),DES
LSQ12hnx,(25.831),(-13.559),25.124 (0.230),-14.266 (0.230),$>0.707$,DES
LSQ12hvj,24.104 (0.197),-13.452 (0.197),21.281 (0.035),-16.275 (0.035),2.823 (0.200),PanSTARRS
LSQ12hxx,(25.023),(-12.473),21.355 (0.016),-16.141 (0.016),$>3.668$,DES
LSQ12hzj,23.077 (0.164),-12.779 (0.164),18.520 (0.015),-17.336 (0.015),4.557 (0.164),PanSTARRS
LSQ12hzs,23.896 (0.139),-13.689 (0.139),21.667 (0.020),-15.918 (0.020),2.229 (0.141),DES
LSQ13cmt,(24.868),(-12.180),22.346 (0.062),-14.703 (0.062),$>2.523$,DES
LSQ13crf,22.453 (0.071),-14.252 (0.071),20.263 (0.033),-16.441 (0.033),2.190 (0.078),PanSTARRS
LSQ13cwp,(25.044),(-12.350),21.459 (0.068),-15.935 (0.068),$>3.585$,PanSTARRS
LSQ13dby,(25.422),(-12.917),(25.219),(-13.120),NaN,DES
LSQ13dcy,23.922 (0.145),-13.899 (0.145),22.860 (0.056),-14.962 (0.056),1.063 (0.155),DES
LSQ13dhj,23.297 (0.061),-14.885 (0.061),21.700 (0.017),-16.481 (0.017),1.596 (0.063),DES
LSQ13dkp,(25.120),(-12.370),23.905 (0.173),-13.585 (0.173),$>1.215$,DES
LSQ13dqh,(25.484),(-12.944),23.190 (0.212),-15.238 (0.212),$>2.294$,PanSTARRS
LSQ13dsm,22.385 (0.053),-14.011 (0.053),19.607 (0.007),-16.789 (0.007),2.778 (0.053),DES
LSQ13lq,(25.157),(-12.537),20.370 (0.022),-17.324 (0.022),$>4.787$,PanSTARRS
LSQ13pf,(25.302),(-12.693),22.055 (0.066),-15.941 (0.066),$>3.248$,PanSTARRS
LSQ13ry,21.783 (0.050),-13.826 (0.050),19.689 (0.019),-15.919 (0.019),2.093 (0.054),PanSTARRS
LSQ14act,(24.910),(-12.213),21.291 (0.051),-15.833 (0.051),$>3.620$,PanSTARRS
LSQ14aeg,(24.979),(-12.358),21.958 (0.115),-15.378 (0.115),$>3.021$,PanSTARRS
LSQ14age,24.198 (0.207),-13.638 (0.207),22.652 (0.088),-15.183 (0.088),1.545 (0.224),PanSTARRS
LSQ14ahc,23.419 (0.137),-13.376 (0.137),21.702 (0.136),-15.093 (0.136),1.717 (0.193),SkyMapper
LSQ14bjj,24.733 (0.289),-13.118 (0.289),22.614 (0.106),-15.238 (0.106),2.119 (0.308),PanSTARRS
LSQ14fmg,24.875 (0.416),-12.507 (0.416),22.164 (0.066),-15.218 (0.066),2.711 (0.421),PanSTARRS
LSQ14fms,24.763 (0.274),-12.955 (0.274),22.636 (0.044),-15.081 (0.044),2.126 (0.278),DES
LSQ14foj,23.719 (0.166),-12.856 (0.166),21.166 (0.019),-15.409 (0.019),2.553 (0.167),DES
LSQ14gde,22.919 (0.071),-14.077 (0.071),19.295 (0.006),-17.701 (0.006),3.625 (0.071),DES
LSQ14gfb,(24.808),(-12.093),19.790 (0.007),-17.111 (0.007),$>5.018$,DES
LSQ14gfn,24.150 (0.118),-14.642 (0.118),22.163 (0.047),-16.628 (0.047),1.987 (0.127),PanSTARRS
LSQ14ghv,24.607 (0.256),-12.814 (0.256),22.071 (0.031),-15.349 (0.031),2.536 (0.257),DES
LSQ14gov,(25.323),(-12.761),23.387 (0.082),-14.697 (0.082),$>1.936$,DES
LSQ14ie,(25.301),(-12.781),23.556 (0.392),-14.526 (0.392),$>1.744$,SkyMapper
LSQ14ip,(24.990),(-12.233),23.944 (0.338),-13.279 (0.338),$>1.046$,PanSTARRS
LSQ14mc,23.974 (0.183),-13.065 (0.183),21.296 (0.028),-15.743 (0.028),2.678 (0.185),PanSTARRS
LSQ14wp,24.097 (0.167),-13.409 (0.167),22.992 (0.102),-14.514 (0.102),1.105 (0.196),PanSTARRS
LSQ14xi,22.115 (0.042),-14.658 (0.042),19.277 (0.016),-17.496 (0.016),2.838 (0.045),PanSTARRS
LSQ15aja,23.850 (0.158),-13.669 (0.158),23.117 (0.110),-14.402 (0.110),0.733 (0.192),PanSTARRS
LSQ15alq,23.847 (0.243),-12.769 (0.243),21.085 (0.050),-15.531 (0.050),2.762 (0.248),PanSTARRS
OGLE16euo,24.652 (0.380),-12.463 (0.380),NaN,NaN,NaN,NaN
PS1-13eao,21.841 (0.037),-14.245 (0.037),18.830 (0.022),-17.256 (0.022),3.011 (0.043),DES
PS1-14xw,23.738 (0.516),-11.378 (0.516),19.732 (0.032),-15.385 (0.032),4.006 (0.517),PanSTARRS
PS15mb,21.622 (0.042),-13.900 (0.042),18.851 (0.015),-16.671 (0.015),2.771 (0.045),PanSTARRS
PS15mt,23.813 (0.132),-13.742 (0.132),21.946 (0.103),-15.610 (0.103),1.867 (0.167),PanSTARRS
PSNJ07250042+2347030,22.959 (0.247),-11.583 (0.247),18.784 (0.046),-15.758 (0.046),4.175 (0.251),PanSTARRS
PTF10ops,(24.954),(-12.215),(23.684),(-13.485),NaN,PanSTARRS
PTF11qmo,(24.805),(-12.180),(24.361),(-12.625),NaN,PanSTARRS
PTF12iiq,(24.209),(-11.388),19.368 (0.010),-16.229 (0.010),$>4.841$,DES
PTF12jgb,20.341 (0.017),-15.140 (0.017),18.385 (0.017),-17.095 (0.017),1.956 (0.024),PanSTARRS
SN1968I,17.435 (0.007),-14.470 (0.007),13.171 (0.014),-18.734 (0.014),4.264 (0.016),PanSTARRS
SN1986G,(20.872),(-8.623),NaN,NaN,NaN,SkyMapper
SN1991bj,20.157 (0.020),-14.346 (0.020),18.517 (0.017),-15.986 (0.017),1.640 (0.027),PanSTARRS
SN1995Y,(23.601),(-10.823),18.407 (0.025),-16.018 (0.025),$>5.195$,PanSTARRS
SN1997de,21.932 (0.164),-11.783 (0.164),17.985 (0.056),-15.730 (0.056),3.947 (0.173),SkyMapper
SN1998dh,21.075 (0.094),-11.863 (0.094),15.906 (0.015),-17.032 (0.015),5.169 (0.096),PanSTARRS
SN1999ee,18.765 (0.010),-14.697 (0.010),15.765 (0.015),-17.698 (0.015),3.000 (0.018),SkyMapper
SN2000do,18.983 (0.012),-14.374 (0.012),16.105 (0.013),-17.252 (0.013),2.878 (0.018),SkyMapper
SN2000dx,22.701 (0.114),-12.941 (0.114),19.213 (0.023),-16.430 (0.023),3.489 (0.116),PanSTARRS
SN2000ey,18.081 (0.004),-16.692 (0.004),15.314 (0.014),-19.459 (0.014),2.767 (0.015),PanSTARRS
SN2001da,21.443 (0.066),-12.948 (0.066),18.063 (0.025),-16.327 (0.025),3.379 (0.070),PanSTARRS
SN2001el,17.773 (0.011),-13.236 (0.011),14.871 (0.008),-16.138 (0.008),2.902 (0.014),DES
SN2002ha,(23.213),(-10.685),18.266 (0.028),-15.632 (0.028),$>4.947$,PanSTARRS
SN2002jg,19.661 (0.020),-14.454 (0.020),17.586 (0.017),-16.530 (0.017),2.075 (0.026),PanSTARRS
SN2003ic,(24.837),(-12.157),19.998 (0.035),-16.996 (0.035),$>4.839$,PanSTARRS
SN2004cs,18.510 (0.008),-15.429 (0.008),16.875 (0.016),-17.064 (0.016),1.635 (0.017),PanSTARRS
SN2004ey,19.861 (0.026),-14.346 (0.026),18.033 (0.008),-16.174 (0.008),1.828 (0.027),DES
SN2004fd,19.999 (0.035),-14.396 (0.035),14.957 (0.014),-19.438 (0.014),5.042 (0.038),PanSTARRS
SN2004gc,20.649 (0.038),-15.074 (0.038),17.808 (0.015),-17.915 (0.015),2.840 (0.041),PanSTARRS
SN2004gs,(24.101),(-11.327),20.224 (0.030),-15.204 (0.030),$>3.878$,PanSTARRS
SN2005M,(23.995),(-11.165),20.967 (0.055),-14.193 (0.055),$>3.028$,PanSTARRS
SN2005ag,(25.198),(-12.607),22.803 (0.089),-15.002 (0.089),$>2.395$,PanSTARRS
SN2005al,21.374 (0.086),-12.289 (0.086),17.050 (0.017),-16.613 (0.017),4.324 (0.088),PanSTARRS
SN2005be,(24.370),(-11.513),20.418 (0.025),-15.465 (0.025),$>3.952$,PanSTARRS
SN2005bs,23.744 (0.177),-13.110 (0.177),22.429 (0.084),-14.425 (0.084),1.315 (0.196),DES
SN2005cf,(22.638),(-9.679),20.727 (0.241),-11.590 (0.241),$>1.911$,PanSTARRS
SN2005cf_B,NaN,NaN,NaN,NaN,NaN,NaN
SN2005dm,22.361 (0.133),-11.980 (0.133),16.852 (0.006),-17.489 (0.006),5.509 (0.133),DES
SN2005el,(23.457),(-10.602),20.006 (0.045),-14.053 (0.045),$>3.451$,PanSTARRS
SN2005gj,23.571 (0.186),-13.659 (0.186),21.920 (0.039),-15.310 (0.039),1.651 (0.190),DES
SN2005hj,23.359 (0.109),-13.709 (0.109),20.735 (0.012),-16.333 (0.012),2.624 (0.110),DES
SN2005hk,(23.282),(-10.492),19.996 (0.026),-13.778 (0.026),$>3.286$,DES
SN2005ir,22.066 (0.027),-15.647 (0.027),20.865 (0.010),-16.847 (0.010),1.201 (0.029),DES
SN2005ke,20.287 (0.077),-11.373 (0.077),15.770 (0.006),-15.890 (0.006),4.517 (0.077),DES
SN2005ki,(23.637),(-11.038),(23.065),(-11.610),NaN,PanSTARRS
SN2005ku,20.499 (0.013),-16.038 (0.013),18.085 (0.005),-18.452 (0.005),2.413 (0.014),DES
SN2005lu,20.181 (0.011),-15.577 (0.011),17.654 (0.005),-18.104 (0.005),2.527 (0.013),DES
SN2005na,21.444 (0.048),-13.884 (0.048),17.474 (0.014),-17.855 (0.014),3.970 (0.050),PanSTARRS
SN2006E,18.291 (0.025),-12.004 (0.025),15.109 (0.014),-15.186 (0.014),3.182 (0.028),PanSTARRS
SN2006bh,21.515 (0.111),-11.860 (0.111),20.412 (0.266),-12.963 (0.266),1.103 (0.288),SkyMapper
SN2006br,23.848 (0.347),-11.343 (0.347),17.597 (0.016),-17.594 (0.016),6.251 (0.348),PanSTARRS
SN2006bt,23.439 (0.211),-12.335 (0.211),(23.641),(-12.134),$<-0.202$,PanSTARRS
SN2006cm,20.817 (0.037),-13.460 (0.037),16.409 (0.005),-17.868 (0.005),4.408 (0.037),DES
SN2006dd,17.977 (0.009),-14.059 (0.009),12.601 (0.007),-19.436 (0.007),5.376 (0.011),DES
SN2006ef,22.384 (0.119),-12.081 (0.119),19.660 (0.019),-14.805 (0.019),2.724 (0.120),DES
SN2006ej,(23.787),(-10.986),18.785 (0.019),-15.988 (0.019),$>5.002$,PanSTARRS
SN2006eq,(24.730),(-12.006),22.814 (0.084),-13.922 (0.084),$>1.916$,DES
SN2006fw,22.837 (0.049),-15.085 (0.049),20.394 (0.007),-17.528 (0.007),2.443 (0.049),DES
SN2006gt,23.474 (0.154),-13.036 (0.154),(24.415),(-12.095),$<-0.941$,DES
SN2006hb,22.409 (0.155),-11.690 (0.155),18.899 (0.019),-15.200 (0.019),3.510 (0.156),DES
SN2006hx,22.198 (0.046),-14.344 (0.046),18.555 (0.005),-17.987 (0.005),3.643 (0.047),DES
SN2006is,(24.246),(-11.462),23.456 (0.223),-12.252 (0.223),$>0.789$,DES
SN2006lu,24.071 (0.338),-12.828 (0.338),21.062 (0.033),-15.838 (0.033),3.009 (0.339),PanSTARRS
SN2006ob,(24.917),(-12.217),20.362 (0.028),-16.773 (0.028),$>4.555$,DES
SN2006os,22.847 (0.198),-12.995 (0.198),19.173 (0.026),-16.669 (0.026),3.674 (0.200),PanSTARRS
SN2006ot,24.252 (0.234),-12.665 (0.234),19.730 (0.011),-17.188 (0.011),4.522 (0.234),DES
SN2006py,23.043 (0.090),-14.041 (0.090),18.606 (0.005),-18.479 (0.005),4.438 (0.090),DES
SN2007S,19.136 (0.009),-14.786 (0.009),16.922 (0.014),-17.000 (0.014),2.214 (0.017),PanSTARRS
SN2007ai,23.503 (0.928),-12.241 (0.928),20.498 (0.070),-15.247 (0.070),3.006 (0.931),PanSTARRS
SN2007al,21.132 (0.063),-12.501 (0.063),16.577 (0.014),-17.056 (0.014),4.556 (0.065),PanSTARRS
SN2007as,20.781 (0.055),-13.589 (0.055),NaN,NaN,NaN,NaN
SN2007ba,23.834 (0.250),-12.322 (0.250),20.891 (0.068),-15.264 (0.068),2.943 (0.259),PanSTARRS
SN2007bc,23.325 (0.241),-11.462 (0.241),20.692 (0.123),-14.096 (0.123),2.634 (0.270),PanSTARRS
SN2007bm,18.599 (0.016),-13.560 (0.016),14.180 (0.014),-17.979 (0.014),4.419 (0.022),PanSTARRS
SN2007ca,20.728 (0.045),-13.226 (0.045),18.254 (0.017),-15.701 (0.017),2.474 (0.048),PanSTARRS
SN2007cq,21.691 (0.071),-13.605 (0.071),19.296 (0.017),-15.999 (0.017),2.394 (0.073),PanSTARRS
SN2007fb,21.440 (0.063),-13.054 (0.063),18.017 (0.015),-16.477 (0.015),3.423 (0.065),PanSTARRS
SN2007fs,(23.583),(-10.814),20.386 (0.058),-14.010 (0.058),$>3.196$,PanSTARRS
SN2007hj,(23.408),(-10.547),17.418 (0.015),-16.536 (0.015),$>5.989$,PanSTARRS
SN2007hx,23.873 (0.129),-13.925 (0.129),21.795 (0.022),-16.003 (0.022),2.078 (0.131),DES
SN2007if,24.806 (0.396),-12.876 (0.396),24.018 (0.364),-13.663 (0.364),0.787 (0.538),PanSTARRS
SN2007jg,23.612 (0.293),-12.476 (0.293),23.197 (0.320),-12.890 (0.320),0.414 (0.434),PanSTARRS
SN2007jh,24.055 (0.391),-12.244 (0.391),19.333 (0.017),-16.966 (0.017),4.722 (0.391),PanSTARRS
SN2007le,18.588 (0.016),-13.727 (0.016),14.952 (0.014),-17.363 (0.014),3.636 (0.021),PanSTARRS
SN2007mm,24.874 (0.387),-12.528 (0.387),22.982 (0.133),-14.420 (0.133),1.892 (0.409),DES
SN2007ol,24.310 (0.246),-12.704 (0.246),19.188 (0.006),-17.826 (0.006),5.122 (0.246),DES
SN2007on,(22.400),(-9.856),16.858 (0.007),-15.398 (0.007),$>5.542$,DES
SN2007so,23.550 (0.390),-12.018 (0.390),18.710 (0.018),-16.858 (0.018),4.841 (0.391),PanSTARRS
SN2007st,20.556 (0.020),-14.281 (0.020),16.074 (0.006),-18.763 (0.006),4.482 (0.021),DES
SN2008J,19.750 (0.014),-14.485 (0.014),16.120 (0.005),-18.114 (0.005),3.630 (0.015),DES
SN2008O,(24.470),(-11.726),18.713 (0.021),-17.483 (0.021),$>5.757$,SkyMapper
SN2008R,22.367 (0.212),-11.473 (0.212),16.616 (0.008),-17.224 (0.008),5.751 (0.212),DES
SN2008ae,21.456 (0.036),-14.164 (0.036),19.580 (0.024),-16.040 (0.024),1.876 (0.043),PanSTARRS
SN2008ar,21.499 (0.043),-13.807 (0.043),18.815 (0.015),-16.490 (0.015),2.684 (0.045),PanSTARRS
SN2008bc,22.159 (0.393),-11.901 (0.393),18.530 (0.046),-15.530 (0.046),3.629 (0.396),SkyMapper
SN2008bd,22.811 (0.157),-12.794 (0.157),17.925 (0.016),-17.680 (0.016),4.886 (0.158),PanSTARRS
SN2008bq,22.115 (0.073),-13.785 (0.073),19.511 (0.395),-16.389 (0.395),2.604 (0.401),SkyMapper
SN2008bt,20.407 (0.032),-13.741 (0.032),16.555 (0.014),-17.593 (0.014),3.852 (0.035),PanSTARRS
SN2008cc,20.149 (0.030),-13.152 (0.030),14.975 (0.009),-18.326 (0.009),5.174 (0.031),SkyMapper
SN2008cf,22.505 (0.070),-14.124 (0.070),21.433 (0.069),-15.196 (0.069),1.072 (0.098),PanSTARRS
SN2008cm,(22.968),(-10.357),(20.728),(-12.598),NaN,SkyMapper
SN2008ee,20.196 (0.025),-13.618 (0.025),15.369 (0.005),-18.445 (0.005),4.827 (0.026),DES
SN2008ff,23.582 (0.388),-11.050 (0.388),21.584 (0.237),-13.048 (0.237),1.998 (0.455),SkyMapper
SN2008fl,21.753 (0.136),-13.012 (0.136),18.346 (0.029),-16.420 (0.029),3.407 (0.139),SkyMapper
SN2008fp,(22.406),(-9.430),15.108 (0.016),-16.727 (0.016),$>7.298$,PanSTARRS
SN2008fr,22.661 (0.087),-13.562 (0.087),20.830 (0.038),-15.392 (0.038),1.831 (0.095),PanSTARRS
SN2008fu,23.301 (0.104),-13.563 (0.104),19.236 (0.006),-17.628 (0.006),4.065 (0.104),DES
SN2008ge,16.611 (0.003),-14.494 (0.003),11.606 (0.005),-19.499 (0.005),5.005 (0.006),DES
SN2008gg,24.207 (0.398),-11.548 (0.398),23.239 (0.207),-12.516 (0.207),0.968 (0.449),DES
SN2008hj,23.315 (0.158),-12.802 (0.158),22.380 (0.159),-13.736 (0.159),0.934 (0.224),PanSTARRS
SN2008hu,23.923 (0.315),-12.834 (0.315),22.315 (0.144),-14.442 (0.144),1.608 (0.346),PanSTARRS
SN2008hv,22.552 (0.211),-11.159 (0.211),18.241 (0.019),-15.470 (0.019),4.311 (0.211),PanSTARRS
SN2008ia,21.067 (0.085),-13.887 (0.085),16.708 (0.012),-18.245 (0.012),4.358 (0.086),SkyMapper
SN2009D,(24.053),(-11.170),(23.811),(-11.412),NaN,DES
SN2009F,21.243 (0.114),-12.479 (0.114),16.500 (0.016),-17.223 (0.016),4.743 (0.115),PanSTARRS
SN2009I,22.103 (0.073),-13.205 (0.073),18.791 (0.015),-16.517 (0.015),3.312 (0.074),DES
SN2009J,20.662 (0.040),-13.532 (0.040),NaN,NaN,NaN,NaN
SN2009Y,21.759 (0.218),-11.481 (0.218),16.325 (0.016),-16.915 (0.016),5.434 (0.219),PanSTARRS
SN2009aa,22.681 (0.115),-12.722 (0.115),20.865 (0.055),-14.537 (0.055),1.816 (0.128),PanSTARRS
SN2009ab,(23.114),(-10.318),18.443 (0.060),-14.989 (0.060),$>4.671$,PanSTARRS
SN2009ag,20.507 (0.172),-12.366 (0.172),(21.610),(-11.264),$<-1.102$,PanSTARRS
SN2009al,23.485 (0.281),-11.454 (0.281),(22.610),(-12.330),$<0.876$,PanSTARRS
SN2009ev,22.542 (0.365),-11.024 (0.365),(21.199),(-12.367),$<1.343$,SkyMapper
SN2009ig,(22.709),(-10.225),17.175 (0.008),-15.759 (0.008),$>5.534$,DES
SN2009jr,18.861 (0.011),-15.438 (0.011),16.168 (0.014),-18.131 (0.014),2.693 (0.018),PanSTARRS
SN2009le,20.214 (0.017),-14.256 (0.017),17.508 (0.010),-16.963 (0.010),2.706 (0.020),DES
SN2009mz,19.202 (0.020),-13.660 (0.020),16.701 (0.016),-16.160 (0.016),2.500 (0.025),PanSTARRS
SN2009nr,(22.844),(-10.605),(21.334),(-12.116),NaN,PanSTARRS
SN2010ae,15.598 (0.003),-15.411 (0.003),13.354 (0.009),-17.655 (0.009),2.244 (0.010),SkyMapper
SN2010dl,22.466 (0.087),-13.160 (0.087),20.478 (0.019),-15.149 (0.019),1.988 (0.089),DES
SN2010ev,18.484 (0.015),-14.532 (0.015),15.961 (0.012),-17.054 (0.012),2.523 (0.019),SkyMapper
SN2010jn,21.146 (0.032),-14.069 (0.032),17.194 (0.016),-18.021 (0.016),3.952 (0.036),PanSTARRS
SN2010jo,24.423 (0.374),-12.095 (0.374),20.303 (0.022),-16.215 (0.022),4.120 (0.375),DES
SN2010ko,23.200 (0.187),-13.474 (0.187),21.346 (0.053),-15.327 (0.053),1.854 (0.195),PanSTARRS
SN2011Z,21.591 (0.085),-12.939 (0.085),17.556 (0.016),-16.974 (0.016),4.035 (0.086),PanSTARRS
SN2011ce,16.173 (0.003),-16.707 (0.003),14.284 (0.011),-18.596 (0.011),1.889 (0.011),SkyMapper
SN2011gf,(24.118),(-11.316),(23.186),(-12.248),NaN,PanSTARRS
SN2011ha,25.088 (0.625),-13.106 (0.625),22.574 (0.074),-15.620 (0.074),2.514 (0.629),PanSTARRS
SN2011hb,24.066 (0.427),-11.484 (0.427),20.256 (0.037),-15.294 (0.037),3.810 (0.429),PanSTARRS
SN2011hk,21.527 (0.080),-12.875 (0.080),17.144 (0.009),-17.258 (0.009),4.383 (0.081),DES
SN2011io,24.238 (0.402),-12.096 (0.402),(23.550),(-12.783),$<0.688$,PanSTARRS
SN2011iv,17.287 (0.004),-14.969 (0.004),12.273 (0.005),-19.982 (0.005),5.013 (0.006),DES
SN2011iy,19.431 (0.054),-11.888 (0.054),13.409 (0.014),-17.909 (0.014),6.022 (0.056),PanSTARRS
SN2011jh,18.910 (0.016),-13.762 (0.016),15.738 (0.015),-16.934 (0.015),3.172 (0.022),PanSTARRS
SN2011jq,(24.320),(-11.509),18.970 (0.017),-16.859 (0.017),$>5.350$,PanSTARRS
SN2011jt,(24.124),(-11.325),20.660 (0.045),-14.788 (0.045),$>3.464$,PanSTARRS
SN2012E,(23.460),(-11.291),(22.947),(-11.804),NaN,PanSTARRS
SN2012G,22.547 (0.102),-12.747 (0.102),20.685 (0.038),-14.609 (0.038),1.862 (0.108),PanSTARRS
SN2012U,23.310 (0.271),-11.399 (0.271),17.511 (0.008),-17.198 (0.008),5.799 (0.271),DES
SN2012Z,NaN,NaN,17.666 (0.015),-14.780 (0.015),NaN,DES
SN2012aq,(24.644),(-11.922),21.325 (0.047),-15.242 (0.047),$>3.320$,PanSTARRS
SN2012ec,15.342 (0.002),-16.183 (0.002),13.017 (0.006),-18.508 (0.006),2.325 (0.006),DES
SN2012fk,(24.265),(-11.471),(22.976),(-12.760),NaN,PanSTARRS
SN2012fw,21.525 (0.058),-13.053 (0.058),18.553 (0.007),-16.025 (0.007),2.972 (0.058),DES
SN2012gm,19.940 (0.020),-14.102 (0.020),17.078 (0.015),-16.965 (0.015),2.863 (0.025),PanSTARRS
SN2012he,(24.837),(-12.171),20.893 (0.016),-16.115 (0.016),$>3.944$,DES
SN2012hr,(22.538),(-10.171),(22.570),(-10.139),NaN,DES
SN2013M,(24.363),(-11.593),20.035 (0.067),-15.920 (0.067),$>4.328$,SkyMapper
SN2013aa,(21.721),(-9.475),18.317 (0.093),-12.879 (0.093),$>3.404$,SkyMapper
SN2013ad,23.127 (0.946),-12.922 (0.946),(23.900),(-12.150),$<-0.773$,PanSTARRS
SN2013aj,19.768 (0.024),-13.219 (0.024),15.282 (0.015),-17.705 (0.015),4.486 (0.028),PanSTARRS
SN2013az,23.895 (0.244),-12.196 (0.244),21.252 (0.033),-14.839 (0.033),2.642 (0.246),DES
SN2013bz,21.670 (0.067),-12.979 (0.067),18.821 (0.019),-15.828 (0.019),2.849 (0.070),PanSTARRS
SN2013cs,21.166 (0.115),-11.854 (0.115),18.473 (0.023),-14.546 (0.023),2.693 (0.118),PanSTARRS
SN2013ct,17.211 (0.007),-13.933 (0.007),14.169 (0.005),-16.975 (0.005),3.042 (0.009),DES
SN2013da,19.190 (0.007),-15.953 (0.007),17.527 (0.019),-17.617 (0.019),1.663 (0.020),PanSTARRS
SN2013dl,23.494 (0.392),-10.959 (0.392),NaN,NaN,NaN,DES
SN2013ef,21.958 (0.114),-12.435 (0.114),18.893 (0.054),-15.500 (0.054),3.065 (0.126),PanSTARRS
SN2013ex,20.855 (0.109),-12.394 (0.109),18.248 (0.022),-15.001 (0.022),2.606 (0.111),PanSTARRS
SN2013fy,22.649 (0.095),-13.040 (0.095),19.566 (0.027),-16.123 (0.027),3.083 (0.099),DES
SN2013gr,19.718 (0.026),-12.807 (0.026),17.318 (0.007),-15.207 (0.007),2.401 (0.027),DES
SN2013gy,(23.456),(-10.478),20.088 (0.040),-13.846 (0.040),$>3.368$,PanSTARRS
SN2013hk,19.318 (0.014),-15.043 (0.014),16.161 (0.014),-18.200 (0.014),3.157 (0.020),PanSTARRS
SN2014Z,22.801 (0.163),-12.052 (0.163),18.683 (0.012),-16.171 (0.012),4.118 (0.163),DES
SN2014ao,20.577 (0.032),-13.351 (0.032),16.879 (0.016),-17.049 (0.016),3.698 (0.036),PanSTARRS
SN2014at,22.483 (0.080),-13.258 (0.080),19.070 (0.012),-16.670 (0.012),3.413 (0.081),DES
SN2014bz,23.261 (0.321),-11.719 (0.321),20.295 (0.082),-14.685 (0.082),2.966 (0.332),SkyMapper
SN2014cr,20.290 (0.025),-14.317 (0.025),17.788 (0.016),-16.818 (0.016),2.502 (0.030),SkyMapper
SN2014dm,23.518 (0.206),-12.327 (0.206),19.373 (0.020),-16.473 (0.020),4.146 (0.207),PanSTARRS
SN2014ey,20.952 (0.023),-14.805 (0.023),19.658 (0.034),-16.099 (0.034),1.294 (0.041),PanSTARRS
SN2015H,19.199 (0.016),-14.475 (0.016),17.267 (0.018),-16.407 (0.018),1.932 (0.023),PanSTARRS
SN2016ecm,21.740 (0.024),-15.414 (0.024),18.806 (0.005),-18.347 (0.005),2.934 (0.025),DES
SN2016gwl,21.377 (0.133),-11.586 (0.133),18.608 (0.028),-14.354 (0.028),2.768 (0.136),PanSTARRS
SN2016hnk,21.321 (0.054),-12.906 (0.054),18.127 (0.008),-16.100 (0.008),3.194 (0.055),DES
SN2016jhr,(25.560),(-13.156),(24.475),(-14.242),NaN,PanSTARRS
SN2017cbv,(22.018),(-9.145),(20.244),(-10.920),NaN,SkyMapper
SN2017cyy,19.277 (0.041),-13.875 (0.041),18.247 (0.060),-14.906 (0.060),1.030 (0.073),SkyMapper
SN2017dps,20.567 (0.042),-13.117 (0.042),15.601 (0.012),-18.083 (0.012),4.966 (0.043),SkyMapper
SN2017erp,19.433 (0.042),-12.710 (0.042),16.852 (0.016),-15.291 (0.016),2.581 (0.045),PanSTARRS
SN2017fgc,(22.622),(-10.087),18.332 (0.009),-14.377 (0.009),$>4.290$,DES
SN2017fzw,20.996 (0.152),-10.854 (0.152),17.153 (0.016),-14.698 (0.016),3.843 (0.153),PanSTARRS
SN2017hgz,18.392 (0.006),-15.857 (0.006),15.962 (0.009),-18.288 (0.009),2.431 (0.011),SkyMapper
SN2018agk,20.050 (0.012),-15.259 (0.012),18.672 (0.016),-16.637 (0.016),1.379 (0.020),PanSTARRS
SN2018djd,21.374 (0.039),-13.958 (0.039),17.172 (0.006),-18.160 (0.006),4.202 (0.040),DES
SN2018gv,19.566 (0.046),-12.244 (0.046),16.494 (0.016),-15.316 (0.016),3.072 (0.049),PanSTARRS
SN2018hnq,(24.726),(-11.977),21.619 (0.064),-15.085 (0.064),$>3.108$,DES
SN2018oh,19.735 (0.019),-13.861 (0.019),17.547 (0.016),-16.049 (0.016),2.188 (0.025),PanSTARRS
SN2018xx,(22.834),(-10.361),(20.679),(-12.516),NaN,SkyMapper
SN2018yu,19.753 (0.052),-12.956 (0.052),16.816 (0.016),-15.893 (0.016),2.937 (0.055),PanSTARRS
SN2018zz,18.854 (0.009),-15.070 (0.009),14.087 (0.010),-19.837 (0.010),4.768 (0.014),SkyMapper
SN2019fkq,23.596 (0.156),-12.924 (0.156),19.300 (0.027),-17.220 (0.027),4.295 (0.159),PanSTARRS
SN2019np,19.854 (0.055),-11.609 (0.055),17.534 (0.018),-13.929 (0.018),2.320 (0.058),PanSTARRS
SN2020ejm,17.689 (0.006),-15.444 (0.006),13.921 (0.009),-19.213 (0.009),3.768 (0.011),SkyMapper
SN2020ftl,19.657 (0.029),-12.867 (0.029),14.840 (0.014),-17.684 (0.014),4.817 (0.032),PanSTARRS
SN2020xyw,(22.879),(-10.487),17.353 (0.022),-16.014 (0.022),$>5.527$,SkyMapper
SN2021abze,17.741 (0.004),-16.315 (0.004),15.239 (0.014),-18.817 (0.014),2.502 (0.015),PanSTARRS
SN2021acnt,19.684 (0.034),-13.024 (0.034),17.674 (0.018),-15.035 (0.018),2.011 (0.038),PanSTARRS
SN2021adlr,22.793 (0.137),-12.795 (0.137),20.052 (0.053),-15.537 (0.053),2.742 (0.147),PanSTARRS
SN2021adlv,(24.077),(-11.751),19.442 (0.026),-16.385 (0.026),$>4.634$,PanSTARRS
SN2021adxd,20.009 (0.016),-14.418 (0.016),17.851 (0.015),-16.577 (0.015),2.159 (0.022),DES
SN2021aess,18.117 (0.009),-14.300 (0.009),16.620 (0.009),-15.797 (0.009),1.497 (0.013),DES
SN2021afkk,18.774 (0.010),-15.128 (0.010),15.693 (0.014),-18.209 (0.014),3.081 (0.017),PanSTARRS
SN2021agbn,21.342 (0.065),-12.705 (0.065),18.718 (0.012),-15.329 (0.012),2.624 (0.067),DES
SN2021bmw,20.243 (0.030),-13.491 (0.030),17.854 (0.025),-15.880 (0.025),2.389 (0.039),PanSTARRS
SN2021cgu,21.073 (0.030),-14.226 (0.030),19.346 (0.079),-15.952 (0.079),1.727 (0.085),PanSTARRS
SN2021csp,25.100 (0.376),-12.808 (0.376),22.486 (0.170),-15.423 (0.170),2.614 (0.413),PanSTARRS
SN2021dbg,20.978 (0.033),-13.740 (0.033),18.208 (0.019),-16.510 (0.019),2.770 (0.038),PanSTARRS
SN2021dov,17.882 (0.004),-15.714 (0.004),15.385 (0.014),-18.211 (0.014),2.497 (0.015),PanSTARRS
SN2021gno,22.290 (0.426),-9.866 (0.426),17.300 (0.019),-14.857 (0.019),4.991 (0.426),PanSTARRS
SN2022crr,20.711 (0.050),-13.872 (0.050),18.892 (0.046),-15.690 (0.046),1.818 (0.068),PanSTARRS
SN2022crv,19.325 (0.025),-13.409 (0.025),16.112 (0.015),-16.621 (0.015),3.212 (0.029),PanSTARRS
SN2022epu,23.079 (0.139),-12.609 (0.139),21.618 (0.073),-14.070 (0.073),1.461 (0.157),PanSTARRS
SN2022esa,17.967 (0.046),-17.060 (0.046),17.631 (0.017),-17.396 (0.017),0.336 (0.049),PanSTARRS
SN2022vqz,20.674 (0.033),-13.671 (0.033),17.100 (0.014),-17.244 (0.014),3.574 (0.036),PanSTARRS
SN2022wsp,16.352 (0.003),-16.154 (0.003),13.769 (0.014),-18.737 (0.014),2.584 (0.015),PanSTARRS
SN2023abqf,21.169 (0.043),-13.542 (0.043),17.852 (0.015),-16.859 (0.015),3.317 (0.046),PanSTARRS
SNF20080612-003,22.949 (0.137),-12.855 (0.137),19.454 (0.018),-16.350 (0.018),3.496 (0.138),PanSTARRS
iPTF13dge,(23.520),(-10.692),19.916 (0.091),-14.296 (0.091),$>3.604$,PanSTARRS
iPTF13dkl,24.075 (0.245),-12.760 (0.245),22.975 (0.159),-13.860 (0.159),1.100 (0.292),PanSTARRS
iPTF13dyt,24.157 (0.138),-14.433 (0.138),20.806 (0.024),-17.784 (0.024),3.351 (0.140),PanSTARRS
iPTF13efe,24.221 (0.178),-13.454 (0.178),23.225 (0.262),-14.450 (0.262),0.996 (0.316),PanSTARRS
iPTF14aje,(24.155),(-11.274),19.272 (0.020),-16.156 (0.020),$>4.883$,PanSTARRS
iPTF14hvh,24.174 (0.236),-12.774 (0.236),22.534 (0.093),-14.414 (0.093),1.640 (0.254),PanSTARRS
iPTF14yy,24.349 (0.328),-12.076 (0.328),20.687 (0.054),-15.737 (0.054),3.662 (0.333),PanSTARRS
